–ù–û–í–ê–Ø –ü–†–û–ì–†–ê–ú–ú–ê,–£—Ä–æ–∫ –Ω–∞ —é—Ç—É–±,–î–æ–ø –º–∞—Ç–µ—Ä–∏–∞–ª—ã –∫ —É—Ä–æ–∫–∞–º,–î–æ–º–∞—à–Ω–µ–µ –∑–∞–¥–∞–Ω–∏–µ
–ú–æ–¥—É–ª—å 1. –§–æ—Ä–º—É–ª–∞ –∑–∞–ø—É—Å–∫–∞ –Ω–∞ –º—ñ–ª—å–π–æ–Ω ,,,
–£—Ä–æ–∫ 1. –¢—Ä–∏ —ñ–Ω—Å—Ç—Ä—É–º–µ–Ω—Ç–∏ –¥–ª—è –µ—Ñ–µ–∫—Ç–∏–≤–Ω–æ–≥–æ –Ω–∞—á–∞–Ω–Ω—è,https://youtu.be/oAivbD-4zpw?si=399MYZ63u_PNtOjA,,
–£—Ä–æ–∫ 2. –©–æ —Ç–∞–∫–µ –ø—Ä–æ–¥—é—Å—É–≤–∞–Ω–Ω—è. –û—Å–Ω–æ–≤–∞ –∑–∞–ø—É—Å–∫—ñ–≤,https://youtu.be/ZfAZMdV3oig?si=thk0IniMILmu_oc4,"–°–ª–æ–≤–Ω–∏–∫ –ø—Ä–æ–¥—é—Å–µ—Ä–∞
https://drive.google.com/file/d/1oW5VU_91MTlsBy-KW0JqgHw5SxyUFscc/view?usp=sharing",
–£—Ä–æ–∫ 3. –•—Ç–æ —Ç–∞–∫–∏–π –ø—Ä–æ–¥—é—Å–µ—Ä —ñ —â–æ –≤—ñ–Ω —Ä–æ–±–∏—Ç—å,https://youtu.be/cIAk9Urm-6c?si=rAmYKl5na3lha6ST,"–ü—Ä–µ–∑–µ–Ω—Ç–∞—Ü—ñ—è –¥–æ —É—Ä–æ–∫—É
https://api.creo.ua/system-files/lessons/documents/SI9oof7eCTYxDgH6ZBzlVh9l2ErQ1L44r0UOY7US.pdf","üìù –ó–∞–≤–¥–∞–Ω–Ω—è 1:

–ë—É–¥—å-—è–∫–∏–π –∑–∞–ø—É—Å–∫ –ø–æ—á–∏–Ω–∞—î—Ç—å—Å—è –∑ —Ä—ñ—à–µ–Ω–Ω—è –π–æ–≥–æ –ø—Ä–æ–≤–µ—Å—Ç–∏. 

–Ø–∫ –¥—É–º–∞—î—Ç–µ, —è–∫—ñ –ø—Ä–∏–Ω—Ü–∏–ø–∏ –º–∞—é—Ç—å –±—É—Ç–∏ —É –ª—é–¥–∏–Ω–∏, —â–æ–±–∏ –ø—Ä–æ–≤–µ—Å—Ç–∏ —Ö–æ—Ä–æ—à–∏–π –∑–∞–ø—É—Å–∫? –©–æ –º–æ–∂–µ –¥–æ–ø–æ–º–æ–≥—Ç–∏?

–ù–∞–ø–∏—à—ñ—Ç—å 5 –ø—Ä–∏–Ω—Ü–∏–ø—ñ–≤: (–ù–∞–ø—Ä–∏–∫–ª–∞–¥, –æ–±–æ–≤'—è–∑–∫–æ–≤–æ –¥–æ–≤–æ–¥–∏—Ç–∏ —Ä–æ–∑–ø–æ—á–∞—Ç–µ –¥–æ —Ä–µ–∑—É–ª—å—Ç–∞—Ç—É)
 
1
2
3
4
5"
–£—Ä–æ–∫ 4. –°–∏—Å—Ç–µ–º–∏ —Ç–∞ –≤–∏–¥–∏ –∑–∞–ø—É—Å–∫—ñ–≤,https://youtu.be/1RLsDdAHDns?si=OemooacRY1rkVf7v,"–ü—Ä–µ–∑–µ–Ω—Ç–∞—Ü—ñ—è –¥–æ —É—Ä–æ–∫—É
https://api.creo.ua/system-files/lessons/documents/hcQkIanBojRgJvFIy8bC1OEOzIYbwapIhnuwAcRw.pdf

–ß–µ–∫-–ª–∏—Å—Ç ""–ï—Ç–∞–ø–∏ –∑–∞–ø—É—Å–∫—É""
https://drive.google.com/file/d/1NbH5LhJSlnDVHx6u2EfFBOXRz431DabY/view?usp=sharing","–ó–∞–≤–¥–∞–Ω–Ω—è
–°–∏—Å—Ç–µ–º–∞ –∑–∞–ø—É—Å–∫—ñ–≤ –∑'—è–≤–∏–ª–∞—Å—è –±–∞–≥–∞—Ç–æ —Ä–æ–∫—ñ–≤ —Ç–æ–º—É.
–ó–∞ –Ω–µ—é –ø—Ä–∞—Ü—é—é—Ç—å –±—Ä–µ–Ω–¥–∏, –∞—Ä—Ç–∏—Å—Ç–∏ –π –∫—ñ–Ω–æ–∫–æ–º–ø–∞–Ω—ñ—ó, —Ç–æ–º—É —â–æ —Ü—è –º–æ–¥–µ–ª—å –¥–∞—î —Å—Ç–∞–±—ñ–ª—å–Ω—ñ —Ä–µ–∑—É–ª—å—Ç–∞—Ç–∏.

–ù–∞–ø—Ä–∏–∫–ª–∞–¥, —Å–ø—ñ–≤–∞—á–∫–∞ –õ–µ–¥—ñ –ì–∞–≥–∞ –Ω–∞ –ø–æ—á–∞—Ç–∫—É —Å–≤–æ–≥–æ —à–ª—è—Ö—É –∑–∞—Ä—É—á–∏–ª–∞—Å—è –ø—ñ–¥—Ç—Ä–∏–º–∫–æ—é –º–∞–ª–∏—Ö —Å–ø—ñ–ª—å–Ω–æ—Ç (–ª–æ—è–ª—å–Ω—ñ—Å—Ç—é).
–í–æ–Ω–∞ –≤–∏—Å—Ç—É–ø–∞–ª–∞ –≤ –º–∞–ª–µ–Ω—å–∫–∏—Ö –∫–ª—É–±–∞—Ö, –≤ –Ω–µ—ó –∑–∞–∫–æ—Ö—É–≤–∞–ª–∏—Å—è —è–∫ —É —Å–ø—ñ–≤–∞—á–∫—É. –°–∞–º–∞ –≤—ñ–¥–ø–æ–≤—ñ–¥–∞–ª–∞ —É —Å–æ—Ü–º–µ—Ä–µ–∂–∞—Ö, —Å—Ç–≤–æ—Ä—é–≤–∞–ª–∞ —Å–≤–æ—é —Å–ø—ñ–ª—å–Ω–æ—Ç—É —ñ –Ω–∞–≤—ñ—Ç—å –≤–∏–≥–∞–¥–∞–ª–∞ –Ω–∞–∑–≤—É –¥–ª—è —É—á–∞—Å–Ω–∏–∫—ñ–≤ ¬´–ú–∞–ª–µ–Ω—å–∫—ñ –º–æ–Ω—Å—Ç—Ä–∏–∫–∏¬ª (Little Monsters). –¶–µ –π –±—É–ª–æ —ó—ó –ø—Ä–æ–≥—Ä—ñ–≤–æ–º –¥–æ –≤–µ–ª–∏–∫–∏—Ö —Ä–µ–∑—É–ª—å—Ç–∞—Ç—ñ–≤.
 
–°–ª–æ–≤–æ ¬´–ø—Ä–æ–≥—Ä—ñ–≤¬ª - –Ω–µ –æ–∑–Ω–∞—á–∞—î –Ω–µ—â–∏—Ä—ñ—Å—Ç—å, —Ü–µ –ø–æ—Å–ª—ñ–¥–æ–≤–Ω–∞ —Ä–æ–±–æ—Ç–∞ –∑ –∫–æ–Ω—Ç–µ–Ω—Ç–æ–º.
–ü—Ä–∏–∫–ª–∞–¥–∏ –±—Ä–µ–Ω–¥—ñ–≤, —è–∫—ñ –≤–∏–∫–æ—Ä–∏—Å—Ç–æ–≤—É—é—Ç—å —Å–∏—Å—Ç–µ–º—É –∑–∞–ø—É—Å–∫—ñ–≤: Chanel, Louis Vuitton, Apple, Gucci, Dior, Zara.
 
–ó–∞–≤–¥–∞–Ω–Ω—è: –ó–≥–∞–¥–∞–π—Ç–µ —Å–≤–æ—ó —É–ª—é–±–ª–µ–Ω—ñ –±—Ä–µ–Ω–¥–∏, —Ñ—ñ–ª—å–º–∏, –∞—Ä—Ç–∏—Å—Ç—ñ–≤ —Ç–∞ –ø–æ–º—ñ—Ä–∫—É–π—Ç–µ, —è–∫ –≤–æ–Ω–∏ –≤–∏–∫–æ—Ä–∏—Å—Ç–æ–≤—É–≤–∞–ª–∏ —Å–∏—Å—Ç–µ–º—É –∑–∞–ø—É—Å–∫—ñ–≤, —â–æ –¥–ª—è —Ü—å–æ–≥–æ —Ä–æ–±–∏–ª–∏?
–ù–∞–ø—Ä–∏–∫–ª–∞–¥, –≤–∏ —â–æ—Å—å —Å–∏–ª—å–Ω–æ —Ö–æ—Ç—ñ–ª–∏ –∫—É–ø–∏—Ç–∏ —á–∏ –ø–æ–¥–∏–≤–∏—Ç–∏—Å—è ‚Äì —á–æ–º—É —Å–∞–º–µ —Ü–µ?"
–£—Ä–æ–∫ 5. –°—Ö–µ–º–∞ –∑–∞–ø—É—Å–∫—É. –í—ñ–¥ —ñ–¥–µ—ó –¥–æ –ø–µ—Ä—à–æ–≥–æ –º—ñ–ª—å–π–æ–Ω–∞,https://youtu.be/q3WJeL88OVs?si=UzZ3MhP1-P79GUB6,,
–£—Ä–æ–∫ 6. –í–∏–±—ñ—Ä –ø—Ä–∏–±—É—Ç–∫–æ–≤–æ—ó –Ω—ñ—à—ñ –¥–ª—è –∑–∞–ø—É—Å–∫—É,https://youtu.be/e4CzvKRC-1s?si=Z1ZoHjD47Gm4YvDh,"–ü—Ä–µ–∑–µ–Ω—Ç–∞—Ü—ñ—è –¥–æ —É—Ä–æ–∫—É
https://api.creo.ua/system-files/lessons/documents/Nb7Z6S4WBsPey0KKcqWNmG0KJoll97iTJykbnyN8.pdf

–ß–µ–∫-–ª–∏—Å—Ç ""–ü—Ä–∞—Ü—é—é—á—ñ –Ω—ñ—à—ñ""
https://drive.google.com/file/d/1zl-6FGYbPzHBcT7wVmc0VXDPFI_gDuBQ/view?usp=sharing",
–£—Ä–æ–∫ 7. –¢–∏–ø–∏ —ñ–Ω—Ñ–æ–ø—Ä–æ–¥—É–∫—Ç—ñ–≤,https://youtu.be/p8JZhqV6s6I?si=aycSxN5PumzL1Ph_,"–ü—Ä–µ–∑–µ–Ω—Ç–∞—Ü—ñ—è –¥–æ —É—Ä–æ–∫—É
https://api.creo.ua/system-files/lessons/documents/2VWullZTh6c2Jll83oGlqQZN6ZGbgcmRV5VHrJvM.pdf

–ü–∞–º'—è—Ç–∫–∞ ""–¢–∏–ø–∏ —ñ–Ω—Ñ–æ-–ø–æ—Ä–¥—É–∫—Ç—ñ–≤""
https://drive.google.com/file/d/1YjuOLBwPH4OAelJ0gfuCUMQ8PsJN492_/view?usp=sharing",
–£—Ä–æ–∫ 8. –î–µ–∫–æ–º–ø–æ–∑–∏—Ü—ñ—è –∑–∞–ø—É—Å–∫—É. –Ø–∫ –¥–æ—Å—è–≥—Ç–∏ –º–µ—Ç–∏,https://youtu.be/CvKPLXcbjhw?si=rUeMMcomGXtx2pN8,"–ü—Ä–µ–∑–µ–Ω—Ç–∞—Ü—ñ—è –¥–æ —É—Ä–æ–∫—É
https://api.creo.ua/system-files/lessons/documents/uHD980SCY3aKJk0qppssBjINaROR5pOrnIPf5XX3.pdf

–ö–∞–ª—å–∫—É–ª—è—Ç–æ—Ä –ø—Ä–æ—Ä–∞—Ö—É–Ω–∫—É –∑–∞–ø—É—Å–∫—ñ–≤
https://docs.google.com/spreadsheets/d/12ZebGMtJv9z15Kt3RjtA3LqtRc986b4C/edit?usp=sharing&ouid=100098198954978073195&rtpof=true&sd=true",
"–£—Ä–æ–∫ 9. –í–∏–¥–∏ –≤–æ—Ä–æ–Ω–æ–∫ –ø—Ä–æ–¥–∞–∂—ñ–≤ –Ω–∞ –∑–∞–ø—É—Å–∫–∞—Ö: —á–µ—Ä–µ–∑ —Å—Ç–æ—Ä—ñ—Å, —á–µ—Ä–µ–∑ –±–µ–∑–∫–æ—à—Ç–æ–≤–Ω–∏–∫, —á–µ—Ä–µ–∑ –∞–Ω–∫–µ—Ç—É",https://youtu.be/BLSMohiQeHU?si=HbWzaavXGUSj8QK6,"–ü—Ä–µ–∑–µ–Ω—Ç–∞—Ü—ñ—è –¥–æ —É—Ä–æ–∫—É
https://api.creo.ua/system-files/lessons/documents/DgFBl7t7KBdAnqH8Oiw0jNr2E0ZgFYfpzOAKTNxF.pdf

–ß–µ–∫-–ª–∏—Å—Ç ""–Ü–¥–µ–∞–ª—å–Ω–∏–π –∑–∞–ø—É—Å–∫""
https://drive.google.com/file/d/1puf4Mp4TevqdCjuWT-hYuWr4_OPk8FLH/view?usp=sharing",
–£—Ä–æ–∫ 10.  –ß–∞—Å—Ç—ñ —Å—Ç—Ä–∞—Ö–∏ –ø—Ä–∏ –∑–∞–ø—É—Å–∫–∞—Ö,https://www.youtube.com/watch?v=_3yCceX8fzU,,
–§–æ—Ä–º–∞ –¥–ª—è –∑–∞–ø–∏—Ç–∞–Ω—å –¥–æ 1 –º–æ–¥—É–ª—è,,,
–ú–æ–¥—É–ª—å 2.  –í–∏–±—ñ—Ä —ñ–¥–µ–∞–ª—å–Ω–æ–≥–æ –µ–∫—Å–ø–µ—Ä—Ç–∞ –¥–ª—è –∑–∞–ø—É—Å–∫—É,,,
–£—Ä–æ–∫ 1. –û—Å–æ–±–∏—Å—Ç–∏–π –±—Ä–µ–Ω–¥ –ø—Ä–æ–¥—é—Å–µ—Ä–∞,https://youtu.be/OQAQTU6ndWQ?si=GcPZlHdIK4QXAFqT,"–ü—Ä–µ–∑–µ–Ω—Ç–∞—Ü—ñ—è –¥–æ —É—Ä–æ–∫—É
https://api.creo.ua/system-files/lessons/documents/i4WqBvnHUAChXsfFryNiIJW1PDpcwDm9VJgPGEUj.pdf

–¢–∞–±–ª–∏—Ü—è —Ä–æ–∑–ø–∞–∫—É–≤–∞–Ω–Ω—è –ø—Ä–æ–¥—é—Å–µ—Ä–∞
https://docs.google.com/spreadsheets/d/1gP3egJ0HNt3jIyMSYhb5iWgJaMWQ44ZS/edit?gid=446129605#gid=446129605","–ó–∞–≤–¥–∞–Ω–Ω—è
1.–ó–∞–ø–æ–≤–Ω–∏—Ç–∏ —Ä–æ–∑–ø–∞–∫—É–≤–∞–Ω–Ω—è
2.–ù–∞–ø–∏—Å–∞—Ç–∏ —Å–∞–º–æ–ø—Ä–µ–∑–µ–Ω—Ç–∞—Ü—ñ—é —ñ –≤—ñ–¥–ø—Ä–∞–≤–∏—Ç–∏ –≤ —á–∞—Ç"
–£—Ä–æ–∫ 2. –£–ø–∞–∫—É–≤–∞–Ω–Ω—è –ø—Ä–æ–¥—é—Å–µ—Ä–∞,https://youtu.be/6auTKOp6_rU?si=HG9T5_ahiK_teh_G,"–ü—Ä–µ–∑–µ–Ω—Ç–∞—Ü—ñ—è –¥–æ —É—Ä–æ–∫—É
https://api.creo.ua/system-files/lessons/documents/1J82JyG3MHGQ2otinlhH0FckerpsXzmH9PlDmPkR.pdf

–ö–æ–Ω—Ç–µ–Ω—Ç-–ø–ª–∞–Ω –ø—Ä–æ–¥—é—Å–µ—Ä–∞
https://docs.google.com/spreadsheets/d/1AxPmN1TPGL5Tk6nPBx3-Xyi-NUD8wR-5/edit?gid=2000072601#gid=2000072601","–ó–∞–≤–¥–∞–Ω–Ω—è
–ù–∞–¥—ñ—Å–ª–∞—Ç–∏ —Å–∫—Ä—ñ–Ω —Å–≤–æ—î—ó —Å—Ç–æ—Ä—ñ–Ω–∫–∏ –¥–æ/–ø—ñ—Å–ª—è —Å–≤–æ—î–º—É –∫—É—Ä–∞—Ç–æ—Ä—É"
–£—Ä–æ–∫ 3. –ö—Ä–∏—Ç–µ—Ä—ñ—ó –≤–∏–±–æ—Ä—É –µ–∫—Å–ø–µ—Ä—Ç–∞ –Ω–∞ –∑–∞–ø—É—Å–∫,https://youtu.be/wD67Wbo6L9E?si=MX9KVdqvx8QVcZyr,"–ü—Ä–µ–∑–µ–Ω—Ç–∞—Ü—ñ—è –¥–æ —É—Ä–æ–∫—É
https://api.creo.ua/system-files/lessons/documents/X0UAuD3BuNzjIiKNHIMoO8iwNft1qOVWhCLP298U.pdf

–®–ø–∞—Ä–≥–∞–ª–∫–∞ ""–Ø–∫ –∑—Ä–æ–∑—É–º—ñ—Ç–∏,—â–æ –µ–∫—Å–ø–µ—Ä—Ç–∞ –º–æ–∂–Ω–∞ –∑–∞–ø—É—Å–∫–∞—Ç–∏?""
https://api.creo.ua/system-files/lessons/documents/0Ac5XDORChD3xGB7WXWePx1JeB1K2iZupiVQ1wI1.pdf","–ó–∞–≤–¥–∞–Ω–Ω—è
–ù–∞–ø–∏—à—ñ—Ç—å –æ—Å–Ω–æ–≤–Ω—ñ –∫—Ä–∏—Ç–µ—Ä—ñ—ó, —è–∫—ñ –ø–æ–≤–∏–Ω–µ–Ω –º–∞—Ç–∏ –µ–∫—Å–ø–µ—Ä—Ç"
–£—Ä–æ–∫ 4. –Ø–∫ –ø–æ–¥—ñ–ª–∏—Ç–∏ –¥–æ—Ö–æ–¥–∏ –ø—Ä–æ–¥—é—Å–µ—Ä–∞ —Ç–∞ –µ–∫—Å–ø–µ—Ä—Ç–∞,https://youtu.be/bkq2zbFNlt4?si=nE59x35BsfdGS7lo,"–ü—Ä–µ–∑–µ–Ω—Ç–∞—Ü—ñ—è –¥–æ —É—Ä–æ–∫—É
https://api.creo.ua/system-files/lessons/documents/QoCCwCcGviPYS471Hk2K7u7FbefxImy54p1jkIBY.pdf",
–£—Ä–æ–∫ 5. 25 –µ—Ñ–µ–∫—Ç–∏–≤–Ω–∏—Ö —Å–ø–æ—Å–æ–±—ñ–≤ –∑–Ω–∞–π—Ç–∏ –µ–∫—Å–ø–µ—Ä—Ç–∞,https://youtu.be/eUjBmZeL82o?si=ww8sH6ycvt3hdSf5,"üíª –ü—Ä–∏–∫–ª–∞–¥ –ø–æ—Å—Ç–∞ –ø—Ä–æ –≤—Å—Ç—É–ø:
–ú–æ–∂–µ—Ç–µ –º–µ–Ω–µ –ø—Ä–∏–≤—ñ—Ç–∞—Ç–∏!
–Ø –≤—Å—Ç—É–ø–∏–ª–∞ –Ω–∞ –ø–µ—Ä—à—É —É —Å–≤—ñ—Ç—ñ –ê–∫–∞–¥–µ–º—ñ—é –ó–∞–ø—É—Å–∫—ñ–≤ —ñ –ø—Ä–æ–¥–∞–∂—ñ–≤. –ú–æ—î –Ω–∞–π–¥–æ—Ä–æ–∂—á–µ –Ω–∞–≤—á–∞–Ω–Ω—è. –¢–µ–ø–µ—Ä —è —Å—Ç—É–¥–µ–Ω—Ç–∫–∞ –∞–∫–∞–¥–µ–º—ñ—ó E-LAUNCH, —è–∫—É —Å—Ç–≤–æ—Ä–∏–≤ –î–º–∏—Ç—Ä–æ –®–µ–≤—á—É–∫ @dimashevchuk üéì

–ú–æ—ó –¥—É–º–∫–∏ –∑ —Ü—å–æ–≥–æ –ø—Ä–∏–≤–æ–¥—É:
1. –¶–µ —Å–∞–º–µ –ø–æ —Å–æ–±—ñ —Ä–æ–∑—à–∏—Ä–µ–Ω–Ω—è. –†–∞–¥–∞, —â–æ —è —Å—Ç–∞–ª–∞ —Ç–∞–∫–æ—é –ª—é–¥–∏–Ω–æ—é, —è–∫–∞ –∑–¥–∞—Ç–Ω–∞ –≤–∫–ª–∞–¥–∞—Ç–∏ –≤ —Å–µ–±–µ —Ç–∞–∫—ñ —Å—É–º–∏.
2. –Ø –∫—É–ø–∏–ª–∞ –Ω–µ —ñ–Ω—Ñ–æ—Ä–º–∞—Ü—ñ—é, –Ω–µ –∑–Ω–∞–Ω–Ω—è, –Ω–µ –º–∞—Ç–µ—Ä—ñ–∞–ª–∏. –Ø –∫—É–ø–∏–ª–∞ —Å–ø—ñ–ª—å–Ω–æ—Ç—É, –µ–Ω–µ—Ä–≥—ñ—é, –¥–æ—Å–≤—ñ–¥, —Å—Ç–∞–Ω.
3. –Ø–∫—â–æ —è –¥–æ–∑–≤–æ–ª–∏–ª–∞ —Å–æ–±—ñ –∫—É–ø–∏—Ç–∏ –∑–∞ 1,5 —Ç–∏—Å. $, —Ç–æ –º–æ–∂—É –¥–æ–∑–≤–æ–ª–∏—Ç–∏ —ñ –ø—Ä–æ–¥–∞–≤–∞—Ç–∏/–∑–∞—Ä–æ–±–ª—è—Ç–∏ –¥–æ—Ä–æ–∂—á–µ, –±—ñ–ª—å—à–µ, –≥–æ–ª–æ—Å–Ω—ñ—à–µ. –Ø —Ä–æ–∑—à–∏—Ä–∏–ª–∞ —Å–≤—ñ–π –≥—Ä–æ—à–æ–≤–∏–π –∫–æ—Ä–∏–¥–æ—Ä.
4. –Ø–∫—â–æ —è —Ö–æ—á—É –∑–∞—Ä–æ–±–ª—è—Ç–∏ –±—ñ–ª—å—à–µ, –∞–ª–µ —Å–∞–º—É –∂–∞–±–∞ –¥—É—à–∏—Ç—å –∫—É–ø–∏—Ç–∏ —â–æ—Å—å –¥–æ—Ä–æ–≥–µ, —Ç–æ —è –Ω–∞–º–∞–≥–∞—é—Å—è –æ–±–¥—É—Ä–∏—Ç–∏ —É—Å—Ç—Ä—ñ–π —Å–≤—ñ—Ç—É. –ô–æ–≥–æ –Ω–µ–º–æ–∂–ª–∏–≤–æ –æ–±–¥—É—Ä–∏—Ç–∏.
5. –£ –º–æ—î–º—É –∂–∏—Ç—Ç—ñ –Ω–∞—Å—Ç–∞—î –Ω–æ–≤–∏–π –µ—Ç–∞–ø. –¶–µ –Ω–æ–≤–∞ —Ä–µ–∞–ª—å–Ω—ñ—Å—Ç—å. –ê–±—Å–æ–ª—é—Ç–Ω–æ –Ω–æ–≤–∏–π —Ä—ñ–≤–µ–Ω—å –æ—Ç–æ—á–µ–Ω–Ω—è —ñ –º–∞—Å—à—Ç–∞–±—É.
6. –Ø –≥–æ—Ç–æ–≤–∞
7. –Ø —Å–æ–±–æ—é –ø–∏—à–∞—é—Å—è
8. –ú–µ–Ω—ñ –º–æ–∂–Ω–∞ –≤—Å–µ!

---------
 
–î–æ—Ä–æ–≥—ñ –ø—ñ–¥–ø–∏—Å–Ω–∏–∫–∏, –Ω–∞ –≤–∞—à–∏—Ö –æ—á–∞—Ö –±—É–¥–µ —Ç–≤–æ—Ä–∏—Ç–∏—Å—è —Ü—è —ñ—Å—Ç–æ—Ä—ñ—è.

–ï–º–æ—Ü—ñ—ó: —Å–ø–æ–∫—ñ–π, –≥–æ—Ç–æ–≤–Ω—ñ—Å—Ç—å, –ª–µ–≥–∫–∏–π –∞–∑–∞—Ä—Ç.
–û—á—ñ–∫—É–≤–∞–Ω–Ω—è: –º–∞–∫—Å–∏–º—É–º –∑–∞–¥–æ–≤–æ–ª–µ–Ω–Ω—è –≤—ñ–¥ –Ω–∞–≤—á–∞–Ω–Ω—è, —Ä–æ–±–æ—Ç–∏ —ñ –∂–∏—Ç—Ç—è!
–ù—É —â–æ –∂, –∫–∏–Ω—å—Ç–µ –≤ –∫–æ–º–µ–Ω—Ç–∞—Ä—ñ –∑–∞—Ä—è–¥—É –ø—ñ–¥—Ç—Ä–∏–º–∫–∏, —â–æ–± —è –∑–Ω–∞–ª–∞, —â–æ –º–∏ –Ω–∞ –∑–≤'—è–∑–∫—É –ø—Ä–æ–π–¥–µ–º–æ —Ü–µ–π —à–ª—è—Ö —Ä–∞–∑–æ–ºüî•

üíª –ü—Ä–∏–∫–ª–∞–¥ –ø–æ—Å—Ç–∞ –ø—Ä–æ –ø–æ—à—É–∫ –∫–ª—ñ—î–Ω—Ç–∞:
 
üö® –®—É–∫–∞—é –ø–∞—Ä—Ç–Ω–µ—Ä–∞! –¢–ï–†–ú–Ü–ù–û–í–û!

–¢–µ–ø–µ—Ä, –∫–æ–ª–∏ –≤–∞—à–∞ —É–≤–∞–≥–∞ –∑–∞—Ö–æ–ø–ª–µ–Ω–∞, –≤–∞—Ä—Ç–æ —É—Ç–æ—á–Ω–∏—Ç–∏ ‚òùÔ∏èüòÅ 
–ü—Ä—è–º–æ –∑–∞—Ä–∞–∑ —è –ø—Ä–æ—Ö–æ–¥–∂—É –Ω–∞–≤—á–∞–Ω–Ω—è –∑ –ø—Ä–æ–¥—é—Å—É–≤–∞–Ω–Ω—è –∑–∞–ø—É—Å–∫—ñ–≤, –ø—Ä–æ–≥—Ä—ñ–≤—ñ–≤ —ñ –ø—Ä–æ–¥–∞–∂—ñ–≤ –≤ –æ–Ω–ª–∞–π–Ω-–∞–∫–∞–¥–µ–º—ñ—ó E-LAUNCH.
–¶–µ –æ–∑–Ω–∞—á–∞—î, —â–æ —É –º–µ–Ω–µ —î —É–Ω—ñ–∫–∞–ª—å–Ω–∞ —Å–∏—Å—Ç–µ–º–∞ –∫—Ä–∞—Ç–Ω–æ–≥–æ –∑–±—ñ–ª—å—à–µ–Ω–Ω—è –ø—Ä–∏–±—É—Ç–∫—É –±—É–¥—å-—è–∫–æ–≥–æ –±—ñ–∑–Ω–µ—Å—É —ñ –±—É–¥—å-—è–∫–æ–≥–æ –µ–∫—Å–ø–µ—Ä—Ç–∞ —á–µ—Ä–µ–∑ —Å–æ—Ü.–º–µ—Ä–µ–∂—ñ üí∏
–£–∂–µ –≤ –ø—Ä–æ—Ü–µ—Å—ñ –Ω–∞–≤—á–∞–Ω–Ω—è —ñ –ø—Ä–∞–∫—Ç–∏–∫–∏ –ø—ñ–¥ –∫–µ—Ä—ñ–≤–Ω–∏—Ü—Ç–≤–æ–º —Å–≤–æ–≥–æ —Ä–µ–∫—Ç–æ—Ä–∞ —ñ –Ω–∞–π–∫—Ä–∞—â–∏—Ö –ø—Ä–æ–¥—é—Å–µ—Ä—ñ–≤-–∫—É—Ä–∞—Ç–æ—Ä—ñ–≤ —è –≥–æ—Ç–æ–≤–∞ –∑—Ä–æ–±–∏—Ç–∏ –ø–µ—Ä—à–∏–π –∑–∞–ø—É—Å–∫!
–Ü —Ç–æ–º—É —à—É–∫–∞—é –ü–ê–†–¢–ù–ï–†–ê-–ï–ö–°–ü–ï–†–¢–ê –¥–ª—è —Å–ø—ñ–≤–ø—Ä–∞—Ü—ñ!
–Ø–∫—â–æ –≤–∏ –µ–∫—Å–ø–µ—Ä—Ç —É —á–æ–º—É-–Ω–µ–±—É–¥—å, –Ω–∞–¥–∞—î—Ç–µ –ø–æ—Å–ª—É–≥–∏, –∫–æ–Ω—Å—É–ª—å—Ç—É—î—Ç–µ, –Ω–∞–≤—á–∞—î—Ç–µ, –ø—Ä–æ–¥–∞—î—Ç–µ —Ç–æ–≤–∞—Ä–∏, –≤–µ–¥–µ—Ç–µ –±—ñ–∑–Ω–µ—Å —ñ —Ö–æ—á–µ—Ç–µ –Ω–∞–π–±–ª–∏–∂—á–∏–º —á–∞—Å–æ–º –∑–±—ñ–ª—å—à–∏—Ç–∏ –ø–æ—Ç—ñ–∫ –∫–ª—ñ—î–Ω—Ç—ñ–≤ —ñ –ø—Ä–∏–±—É—Ç–∫—É, —Ç–æ
—É –≤–∞—Å —î –º–æ–∂–ª–∏–≤—ñ—Å—Ç—å –æ—Ç—Ä–∏–º–∞—Ç–∏ –≤—ñ–¥ –º–µ–Ω–µ –±–µ–∑–∫–æ—à—Ç–æ–≤–Ω—É –∫–æ–Ω—Å—É–ª—å—Ç–∞—Ü—ñ—é –∑ –ø–æ–∫—Ä–æ–∫–æ–≤–∏–º –ø–ª–∞–Ω–æ–º –∑–±—ñ–ª—å—à–µ–Ω–Ω—è –ø—Ä–æ–¥–∞–∂—ñ–≤ –ö–û–ù–ö–†–ï–¢–ù–û –î–õ–Ø –í–ê–°!üî•

–û–¥–Ω–æ–≥–æ –µ–∫—Å–ø–µ—Ä—Ç–∞ —è –≥–æ—Ç–æ–≤–∞ –≤–∑—è—Ç–∏ –Ω–∞ –ø—Ä–æ–¥—é—Å—É–≤–∞–Ω–Ω—è —ñ –∑—Ä–æ–±–∏—Ç–∏ –ø–æ–≤–Ω–æ—Ü—ñ–Ω–Ω–∏–π –∑–∞–ø—É—Å–∫ –≤—ñ–¥ –ê –¥–æ –Ø:
‚úîÔ∏è–ø–æ–≤–Ω–∏–π –∞–Ω–∞–ª—ñ–∑ –≤—Å—ñ—Ö –¥–∞–Ω–∏—Ö
‚úîÔ∏è—Å—Ç—Ä–∞—Ç–µ–≥—ñ—è –ø—Ä–æ–¥—É–∫—Ç—É —ñ –≤–æ—Ä–æ–Ω–∫–∞ –ø—Ä–æ–¥–∞–∂—ñ–≤
‚úîÔ∏è–ø—Ä–æ–≥—Ä—ñ–≤–∏ —ñ –æ—Ä–≥–∞–Ω—ñ–∑–∞—Ü—ñ—è –≤—Å—ñ—Ö –ø—Ä–æ—Ü–µ—Å—ñ–≤
 
–Ø–∫ —Ä–µ–∑—É–ª—å—Ç–∞—Ç –≥–∞—Ä–∞–Ω—Ç—É—é –∑—Ä–æ—Å—Ç–∞–Ω–Ω—è –ø—Ä–∏–±—É—Ç–∫—É, –∫–ª—ñ—î–Ω—Ç—ñ–≤ —ñ –ª–æ—è–ª—å–Ω–æ—Å—Ç—ñ –≤–∞—à–æ—ó –∞—É–¥–∏—Ç–æ—Ä—ñ—óüíØ
–í–∞—à—ñ –∑–∞—è–≤–∫–∏ —Ç–∞ –±—É–¥—å-—è–∫—ñ –∑–∞–ø–∏—Ç–∞–Ω–Ω—è –ø–∏—à—ñ—Ç—å —É –î—ñ—Ä–µ–∫—Ç –∞–±–æ –∫–æ–º–µ–Ω—Ç–∞—Ä—ñ!

–ü—Ä–æ—à—É –¥—ñ–ª–∏—Ç–∏—Å—è —Ü–∏–º –ø–æ—Å—Ç–æ–º —ñ–∑ –¥—Ä—É–∑—è–º–∏ —Ç–∞ –∑–Ω–∞–π–æ–º–∏–º–∏! –ú–æ–∂–ª–∏–≤–æ —Å–µ—Ä–µ–¥ –Ω–∏—Ö —î —Ç—ñ, —Ö—Ç–æ –ø–æ—Ç—Ä–µ–±—É—î –≥—Ä–∞–º–æ—Ç–Ω–æ–≥–æ –º–∞—Ä–∫–µ—Ç–∏–Ω–≥—É.

–ü—Ä–µ–∑–µ–Ω—Ç–∞—Ü—ñ—è –¥–æ —É—Ä–æ–∫—É
https://api.creo.ua/system-files/lessons/documents/K0UpOVBrn63dUSPsIy640V5QEFiCHRNOoQGaR5YD.pdf

–®–ø–∞—Ä–≥–∞–ª–∫–∞ ""–ü–∏—Ç–∞–Ω–Ω—è-–ø–æ–º—ñ—á–Ω–∏–∫ –¥–ª—è —Å—Ç–æ—Ä—ñ—Ç–µ–ª—ñ–Ω–≥—É""
https://api.creo.ua/system-files/lessons/documents/CW8ohKDkJMmFcqPfkI2sbpEujZRrdg3ntOQXyVxU.pdf","–ó–∞–≤–¥–∞–Ω–Ω—è
1. –ó—Ä–æ–±—ñ—Ç—å –∞–Ω–æ–Ω—Å —É —Å–≤–æ—î–º—É —ñ–Ω—Å—Ç–∞–≥—Ä–∞–º—ñ –ø—Ä–æ —Ç–µ, —â–æ –≤–∏ –ø—ñ—à–ª–∏ –Ω–∞ –Ω–∞–≤—á–∞–Ω–Ω—è –∑ –ø—Ä–æ–¥—é—Å—É–≤–∞–Ω–Ω—è —ñ —à—É–∫–∞–π—Ç–µ —Å–æ–±—ñ –µ–∫—Å–ø–µ—Ä—Ç–∞ –Ω–∞ –∑–∞–ø—É—Å–∫. –Ü –Ω–µ–≤–∞–∂–ª–∏–≤–æ, —Å–∫—ñ–ª—å–∫–∏ —É –≤–∞—Å –ø—ñ–¥–ø–∏—Å–Ω–∏–∫—ñ–≤ —ñ —è–∫–∞ —Å—Ç–æ—Ä—ñ–Ω–∫–∞. 

–ú–æ–∂–µ—Ç–µ –≤–∏–∫–æ—Ä–∏—Å—Ç–æ–≤—É–≤–∞—Ç–∏ –ø–∏—Ç–∞–Ω–Ω—è –ø–æ–º—ñ—á–Ω–∏–∫–∏ –∑ –¥–æ–¥–∞—Ç–∫–æ–≤–∏—Ö –º–∞—Ç–µ—Ä—ñ–∞–ª—ñ–≤, –∞ —Ç–∞–∫–æ–∂ –ø—Ä–∏–∫–ª–∞–¥–∏ –ø–æ—Å—Ç—ñ–≤ –≤–∏—â–µ. 
 
2. –ü–æ–ø—Ä–æ—Å—ñ—Ç—å –≤–∞—à–∏—Ö 3-—Ö –∑–Ω–∞–π–æ–º–∏—Ö —Ä–æ–∑–ø–æ–≤—ñ—Å—Ç–∏ –ø—Ä–æ –≤–∞—Å —É —Å–µ–±–µ –≤ —Å—Ç–æ—Ä—ñ—Å. –û–±–æ–≤'—è–∑–∫–æ–≤–æ –¥–∞–π—Ç–µ —ó–º —Ç–µ–∑–∏ –¥–ª—è —Ü—å–æ–≥–æ

3. –û–±—Ä–∞—Ç–∏ 2-3 —Å–ø–æ—Å–æ–±–∏, —è–∫–∏–º–∏ –≤–∏ –±—É–¥–µ—Ç–µ —à—É–∫–∞—Ç–∏ –µ–∫—Å–ø–µ—Ä—Ç–∞"
–£—Ä–æ–∫ 6. –ù–∞–ø–∏—Å–∞–Ω–Ω—è –ª–∏—Å—Ç–∞ –µ–∫—Å–ø–µ—Ä—Ç—É,https://youtu.be/OW6SWDlvJvg?si=t_I0mi4S6HfF3zr-,"–ü—Ä–µ–∑–µ–Ω—Ç–∞—Ü—ñ—è –¥–æ —É—Ä–æ–∫—É
https://api.creo.ua/system-files/lessons/documents/UJ8YklhgzXrTtECaox64u5QK1KVQrO7Nh6iixcqd.pdf

–†–æ–∑–±—ñ—Ä –ø–æ–≤—ñ–¥–æ–º–ª–µ–Ω—å: –ø–æ–≥–∞–Ω—ñ —Ç–∞ –¥–æ–±—Ä—ñ –ø—Ä–∏–∫–ª–∞–¥–∏
https://api.creo.ua/system-files/lessons/documents/C0HPezhPNXRRASA68SVV1xenv5X92WyrYkzumk4b.pdf","–ó–∞–≤–¥–∞–Ω–Ω—è
–ù–∞–¥—ñ—Å–ª–∞—Ç–∏ –ø—Ä–æ–ø–æ–∑–∏—Ü—ñ—é –ø—Ä–æ –∑–∞–ø—É—Å–∫ 10-30 –µ–∫—Å–ø–µ—Ä—Ç–∞–º –¥–æ—Ç—Ä–∏–º—É—é—á–∏—Å—å —É—Å—ñ—Ö –ø—Ä–∞–≤–∏–ª –∑ —É—Ä–æ–∫—É"
"–£—Ä–æ–∫ 7. –Ø–∫ –ø–µ—Ä–µ–∫–æ–Ω–∞—Ç–∏ –µ–∫—Å–ø–µ—Ä—Ç–∞ —Å–ø—ñ–≤–ø—Ä–∞—Ü—é–≤–∞—Ç–∏, –Ω–∞–≤—ñ—Ç—å —è–∫—â–æ –≤–∏ –Ω–æ–≤–∞—á–æ–∫",https://youtu.be/r2h6n7UdQwc?si=Lc9-k1HGxKjq78dG,"–ü—Ä–µ–∑–µ–Ω—Ç–∞—Ü—ñ—è –¥–æ —É—Ä–æ–∫—É
https://api.creo.ua/system-files/lessons/documents/kUKAteE0tdnawmH0eCJaA09qtZhdi9pYghiRtls9.pdf",
–£—Ä–æ–∫ 8. –Ø–∫ –∑–∞–∫—Ä–∏–≤–∞—Ç–∏ –Ω–∞ —Å–ø—ñ–≤–ø—Ä–∞—Ü—é,https://youtu.be/qLGlf1oKFrE?si=pzuW__5uVsYCrSEp,"–ü—Ä–µ–∑–µ–Ω—Ç–∞—Ü—ñ—è –¥–æ —É—Ä–æ–∫—É
https://api.creo.ua/system-files/lessons/documents/kUKAteE0tdnawmH0eCJaA09qtZhdi9pYghiRtls9.pdf

–ü–∏—Ç–∞–Ω–Ω—è –¥–ª—è –±—Ä–∏—Ñ—É –µ–∫—Å–ø–µ—Ä—Ç–∞
https://api.creo.ua/system-files/lessons/documents/hBagcfsdo33GqDuEG9V2q0JGOueCBb60THIgo1MD.pdf",
–£—Ä–æ–∫ 9. –°–ø—ñ–ª—å–Ω–∞ —Ä–æ–±–æ—Ç–∞ –ø—Ä–æ–¥—é—Å–µ—Ä–∞ —Ç–∞ –µ–∫—Å–ø–µ—Ä—Ç–∞,https://youtu.be/GpJ03_AQ5RM?si=wBCrpM9eYP_3sSlj,"–î–æ–≥–æ–≤—ñ—Ä –Ω–∞ —Å–ø—ñ–≤–ø—Ä–∞—Ü—é (—É–∫—Ä):
https://docs.google.com/document/d/16VrsSywCVwGi0QFpwC2jPxua_YOcfLWm/edit

–î–æ–≥–æ–≤—ñ—Ä –Ω–∞ —Å–ø—ñ–≤–ø—Ä–∞—Ü—é (—Ä–æ—Å):
https://docs.google.com/document/d/1EN6nXrYXXvMPHjJSDhBLC5jJ-64bXWeZ/edit?usp=sharing&ouid=100098198954978073195&rtpof=true&sd=true

–ü—Ä–µ–∑–µ–Ω—Ç–∞—Ü—ñ—è –¥–æ —É—Ä–æ–∫—É
https://api.creo.ua/system-files/lessons/documents/jW9QLiOG4xbctBCEITY8vstCm4dkxeNkJlTVEaGC.pdf",
"–ú–æ–¥—É–ª—å 3. –ü—Ä–æ–¥—É–∫—Ç, —â–æ —Å–∞–º —Å–µ–±–µ –ø—Ä–æ–¥–∞—î",,,
–£—Ä–æ–∫ 1. –†–æ–∑–ø–∞–∫—É–≤–∞–Ω–Ω—è –æ—Å–æ–±–∏—Å—Ç–æ—Å—Ç—ñ —Ç–∞ –µ–∫—Å–ø–µ—Ä—Ç–Ω–æ—Å—Ç—ñ,https://youtu.be/NACGSnbgTEo?si=sRT0voohjfgbI51E,"–ü—Ä–µ–∑–µ–Ω—Ç–∞—Ü—ñ—è –¥–æ —É—Ä–æ–∫—É
https://api.creo.ua/system-files/lessons/documents/qpTf9dTfArVsbfq600691TbbAApVpgfFi4OtAKZU.pdf


üéÅ –¢–∞–±–ª–∏—Ü—è —Ä–æ–∑–ø–∞–∫—É–≤–∞–Ω–Ω—è 
- —É–∫—Ä–∞—ó–Ω—Å—å–∫–∞ –≤–µ—Ä—Å—ñ—è 
https://docs.google.com/spreadsheets/d/1K3jKQF1tVAQv7Gr6bfhrW0mwfYrgcEcwgeR17A4AjJA/edit?usp=sharing
- —Ä–æ—Å—ñ–π—Å—å–∫–∞ –≤–µ—Ä—Å–∏—èhttps://docs.google.com/spreadsheets/d/1AxfDvquKP0S1m90TKkR2kUzpcM-ZNN0TlwTcH8p70JE/edit?usp=sharing
- –∞–Ω–≥–ª—ñ–π—Å—å–∫–∞ –≤–µ—Ä—Å—ñ—è https://docs.google.com/spreadsheets/d/1N9g95KR_ZMuD5w4zRpYX4iBQQp8KXFQB81h1X-7Jrm8/edit?usp=sharing
- –¥–ª—è –∫–æ–º–µ—Ä—Ü—ñ–π–Ω–æ–≥–æ –±—Ä–µ–Ω–¥—É https://docs.google.com/spreadsheets/d/1Y-FXw8wxph20DOJJU39ft3-99zVATIk7pXVL5xrSzWU/edit?usp=sharing","–ó–∞–≤–¥–∞–Ω–Ω—è
–ó—Ä–æ–±–∏—Ç–∏ —Ä–æ–∑–ø–∞–∫—É–≤–∞–Ω–Ω—è –∑—ñ —Å–≤–æ—ó–º –µ–∫—Å–ø–µ—Ä—Ç–æ–º –∞–±–æ —Å–≤–æ—î —ñ –Ω–∞–¥—ñ—Å–ª–∞—Ç–∏ –ø–æ—Å–∏–ª–∞–Ω–Ω—è –Ω–∞ —Ä–æ–∑–ø–∞–∫—É–≤–∞–Ω–Ω—è –∫—É—Ä–∞—Ç–æ—Ä—É"
–£—Ä–æ–∫ 2. –Ø–∫ –∑–∞—Ä–æ–±–∏—Ç–∏ –Ω–∞ —Ä–æ–∑–ø–∞–∫—É–≤–∞–Ω–Ω—ñ,https://youtu.be/4umx5Zs1xuQ?si=0FG7AGIreKbzyWRN,"–ü—Ä–µ–∑–µ–Ω—Ç–∞—Ü—ñ—è –¥–æ —É—Ä–æ–∫—É
https://api.creo.ua/system-files/lessons/documents/TdvqmvHfwl0FEDRyGA2zYAc7vjecj4hv4VxgTv9X.pdf","–ó–∞–≤–¥–∞–Ω–Ω—è
–ó–∞—Ä–æ–±–∏—Ç–∏ –≥—Ä–æ—à—ñ. –ü—Ä–æ–¥–∞—Ç–∏ –ø–æ—Å–ª—É–≥—É —Ä–æ–∑–ø–∞–∫—É–≤–∞–Ω–Ω—è —Å–µ—Ä–µ–¥ —Å–≤–æ—ó—Ö –∑–Ω–∞–π–æ–º–∏—Ö/–∫–æ–ª–µ–≥ –∑–∞ —Ç—É —Ü—ñ–Ω—É, —è–∫—É –≤–∏ —Å–∞–º—ñ –æ—Ü—ñ–Ω—é—î—Ç–µ. –ù–∞–ø–∏—Å–∞—Ç–∏ –ø—Ä–æ —Ä–µ–∑—É–ª—å—Ç–∞—Ç –∫—É—Ä–∞—Ç–æ—Ä—É"
–£—Ä–æ–∫ 3. –ê–Ω–∞–ª—ñ–∑ —Ü—ñ–ª—å–æ–≤–æ—ó –∞—É–¥–∏—Ç–æ—Ä—ñ—ó,"https://youtu.be/TNuEMtfp8iU?si=OM6Pvq8upFfsfiJT
https://youtu.be/2zKzRKff5io?si=tdfL38g_CRAk8Ja8
https://youtu.be/PTX6pqbWalw?si=DjsngBWh1BVFQn2v
https://youtu.be/Egc46cSzlnE?si=EhXQQEq9LQfb-lPR","–ü—Ä–µ–∑–µ–Ω—Ç–∞—Ü—ñ—è –¥–æ —É—Ä–æ–∫—É:
https://drive.google.com/file/d/1pr3Lwx4hQAkyktcmA8ZIiMyUsqZMC-39/view?usp=sharing

–ü—Ä–µ–∑–µ–Ω—Ç–∞—Ü—ñ—è –¥–æ —É—Ä–æ–∫—É:
https://drive.google.com/file/d/1DV0lrF8nBF-OZxjwwq_ldEdyS0XMZUPL/view?usp=sharing

–ü—Ä–µ–∑–µ–Ω—Ç–∞—Ü—ñ—è –¥–æ —É—Ä–æ–∫—É:
https://drive.google.com/file/d/12B_iLRJtAxlnIG5q17mJCeZcqYvfpDj-/view?usp=sharing

–ü—Ä–∏–∫–ª–∞–¥–∏ –∞–Ω–∫–µ—Ç–∏:
–¢–∞—Ä–∞—Å https://docs.google.com/forms/d/e/1FAIpQLSe53p2EGC5MapQDx9eDru4nu8TbrF_rXA2zIh-B2m6CIZy4iA/viewform
–ú–æ–Ω—ñ–∫–∞ https://docs.google.com/forms/d/e/1FAIpQLSfV4VU9DO9n4xrlozo8veV2oZGrFdI_bKe-FHxqsg0zfF-liA/viewform
  –ü—Ä–∏–∫–ª–∞–¥ –ø—ñ–¥–≤–æ–¥–∫–∏ –¥–æ –∞–Ω–∫–µ—Ç–∏ https://drive.google.com/drive/folders/1t7gVje1wy2Oa3NOpqX69CJMdFj0Z9Jss","–ó–∞–≤–¥–∞–Ω–Ω—è
–ü—Ä–æ–≤–µ—Å—Ç–∏ –∞–Ω–∞–ª—ñ–∑ —Ü—ñ–ª—å–æ–≤–æ—ó –∞—É–¥–∏—Ç–æ—Ä—ñ—ó"
–£—Ä–æ–∫ 4. –¢–∏–ø–∏ –ø—Ä–æ–¥—É–∫—Ç—ñ–≤,https://youtu.be/IPOxAw3jISE?si=ItQBZ2LrPrk0Fb0O,"–ü—Ä–µ–∑–µ–Ω—Ç–∞—Ü—ñ—è –¥–æ —É—Ä–æ–∫—É:
https://drive.google.com/file/d/1K2GbnMJluZpcibAZLJvcvQLlLMpdEa2U/view?usp=sharing

–ü—Ä–µ–∑–µ–Ω—Ç–∞—Ü—ñ—è –¥–æ —É—Ä–æ–∫—É:
https://drive.google.com/file/d/10w-DshqpoLZuOqp--JwdL3v2kLT5a99k/view?usp=sharing","–ó–∞–≤–¥–∞–Ω–Ω—è
–ü—Ä–∏–¥—É–º–∞—Ç–∏ –∫–æ—Ä–æ—Ç–∫–æ—Å—Ç—Ä–æ–∫–æ–≤–∏–π –ø—Ä–æ–¥—É–∫—Ç –¥–ª—è –ø—Ä–∏–±—É—Ç–∫—É —Ç—É—Ç —ñ –∑–∞—Ä–∞–∑"
–£—Ä–æ–∫ 5. –°—Ç–≤–æ—Ä–µ–Ω–Ω—è –ø—Ä–æ–¥—É–∫—Ç—É,https://youtu.be/ra56AKam6lQ?si=N1HxzPyCkH_fsEqZ,"–ü—Ä–µ–∑–µ–Ω—Ç–∞—Ü—ñ—è –¥–æ —É—Ä–æ–∫—É:
https://drive.google.com/file/d/1lKPFHWG8ZeUNSBQtibu9SZ56GYmqYvwV/view?usp=sharing",
–£—Ä–æ–∫ 6. –ê–Ω–∞–ª—ñ–∑ –∫–æ–Ω–∫—É—Ä–µ–Ω—Ç—ñ–≤,https://youtu.be/yF8Tkd07Yzk?si=WFexfzfpsdYuWqB9,"–ü—Ä–µ–∑–µ–Ω—Ç–∞—Ü—ñ—è –¥–æ —É—Ä–æ–∫—É: https://drive.google.com/file/d/1kwGFlXFz3TR17GlS_0J-tac3Bb9-ov4p/view?usp=sharing

–¢–∞–±–ª–∏—Ü—è-—à–∞–±–ª–æ–Ω –¥–ª—è –∞–Ω–∞–ª—ñ–∑—É –∫–æ–Ω–∫—É—Ä–µ–Ω—Ç—ñ–≤: https://docs.google.com/spreadsheets/d/1JNOzZayiw3u0nWSATRNGI7of222gUyEWAAUZbXma1-g/edit?usp=sharing","–ó–∞–≤–¥–∞–Ω–Ω—è
–ó—Ä–æ–±–∏—Ç–∏ –∞–Ω–∞–ª—ñ–∑ —Å–≤–æ—ó—Ö 3-4 –∫–æ–Ω–∫—É—Ä–µ–Ω—Ç—ñ–≤"
–£—Ä–æ–∫ 7. –û—Ñ—Ñ–µ—Ä. –í–µ–ª–∏–∫–∞ –æ–±—ñ—Ü—è–Ω–∫–∞,https://youtu.be/Ov-TWJATqGU?si=smTPU4gkYHd4xSVq,"–ü—Ä–µ–∑–µ–Ω—Ç–∞—Ü—ñ—è –¥–æ —É—Ä–æ–∫—É:
https://drive.google.com/file/d/10FCYvNH7JTXw3wVEtSis7AXojnGTd08r/view?usp=sharing","–ó–∞–≤–¥–∞–Ω–Ω—è
1. –ó–≥–∞–¥—É—î–º–æ –ø–æ—Ä—Ç—Ä–µ—Ç–∏ –Ω–∞—à–æ—ó –¶–ê
2. –ü—Ä–æ–ø–∏—Å—É—î–º–æ 2-3 –≤–∞—Ä—ñ–∞–Ω—Ç–∏ –æ—Ñ—Ñ–µ—Ä—É
3. –ü—Ä–æ–ø–∏—Å—É—î–º–æ 5 –ø—É–Ω–∫—Ç—ñ–≤ ""—Ä–µ–∑—É–ª—å—Ç–∞—Ç–∏ –∑–∞ –ø—ñ–¥—Å—É–º–∫–æ–º"""
–£—Ä–æ–∫ 6. –ó —á–æ–≥–æ —Å–∫–ª–∞–¥–∞—î—Ç—å—Å—è –ø—Ä–æ–¥—É–∫—Ç. –§–æ—Ä–º–∞—Ç —ñ –∫–æ–º–ø–æ–Ω–µ–Ω—Ç–∏,https://youtu.be/OiugSZWMzuQ?si=t-Qc2QrwYflv89ap,"–ü—Ä–µ–∑–µ–Ω—Ç–∞—Ü—ñ—è –¥–æ —É—Ä–æ–∫—É:
https://drive.google.com/file/d/1O_-FPsK36s9Z5_YJYxiMIepFkyQT5TsQ/view?usp=sharing

–ü—ñ–¥–∫–∞–∑–∫–∞ ""–í–∏–±—ñ—Ä —Ñ–æ—Ä–º–∞—Ç—É –ø—Ä–æ–¥—É–∫—Ç—É –ø—ñ–¥ –Ω—ñ—à—É""
https://docs.google.com/spreadsheets/d/1bd3nwJ3W3vhXZBjtihlxJuW-2cCloZDX/edit?gid=1286942914#gid=1286942914
","–ó–∞–≤–¥–∞–Ω–Ω—è
1.  –ó—ñ–±—Ä–∞—Ç–∏ —Ñ—ñ–Ω–∞–ª—å–Ω–∏–π —Ñ–æ—Ä–º–∞—Ç —ñ –Ω–∞–ø–æ–≤–Ω–µ–Ω–Ω—è –ø—Ä–æ–¥—É–∫—Ç—É
2.  –ó—ñ–±—Ä–∞—Ç–∏—Å—è –∑ —É—á–Ω—è–º–∏ –≤ –º–∞–π—Å—Ç–µ—Ä–º–∞–π–Ω–¥ —ñ –ø–æ –∫–æ–ª—É –æ–±–≥–æ–≤–æ—Ä–∏—Ç–∏ —Ñ–æ—Ä–º–∞—Ç –ø—Ä–æ–¥—É–∫—Ç—É —ñ –Ω–∞–ø–æ–≤–Ω–µ–Ω–Ω—è"
"–£—Ä–æ–∫ 7. –ü—Ä–æ–≥—Ä–∞–º–∞ –Ω–∞–≤—á–∞–Ω–Ω—è. –Ø–∫ –∑—Ä–æ–±–∏—Ç–∏ —Ç–∞–∫, —â–æ–± —É—Å—ñ –∑–∞—Ö–æ–ø–ª—é–≤–∞–ª–∏—Å—è –ø—Ä–æ–≥—Ä–∞–º–æ—é",https://youtu.be/ylSEnRT9JzQ?si=7UAnS1LDkTZBsSBp,"–ü—Ä–µ–∑–µ–Ω—Ç–∞—Ü—ñ—è –¥–æ —É—Ä–æ–∫—É: https://drive.google.com/file/d/1h5fUP8v1L8Mhvk9GkOgEervi2Q5F2CYr/view?usp=sharing
–°—Ö–µ–º–∞ —Å—Ç–≤–æ—Ä–µ–Ω–Ω—è –ø—Ä–æ–¥—É–∫—Ç—É: https://app.xmind.com/share/IsVlmvYd
–ó–∞–≤–∞–Ω—Ç–∞–∂–∏—Ç–∏ –º–∞–π–Ω–¥-–∫–∞—Ä—Ç—É –∫–∞—Ä—Ç–∏–Ω–∫–∞–º: https://drive.google.com/file/d/11EVVF6J5Zs3tXvRMStymaqk7K481KBOA/view?usp=sharing
–ß–µ–∫-–ª–∏—Å—Ç ""40 —ñ–¥–µ–π –¥–ª—è –ø—Ä–æ–¥–∞—é—á–æ—ó –ø—Ä–æ–≥—Ä–∞–º–∏"": https://drive.google.com/file/d/1N1nRSnHG4HzSTn4gRluDfU9lJj09lyfe/view?usp=sharing",
–£—Ä–æ–∫ 8. –°—Ç—Ä–∞—Ç–µ–≥—ñ—ó —Ü—ñ–Ω–æ—É—Ç–≤–æ—Ä–µ–Ω–Ω—è —Ç–∞ —Ç–∞—Ä–∏—Ñ—ñ–≤,https://youtu.be/O0QwKGoXf90?si=u0VQUpM5htuhap_9,–ü—Ä–µ–∑–µ–Ω—Ç–∞—Ü—ñ—è –¥–æ —É—Ä–æ–∫—É: https://drive.google.com/file/d/1peZ5i6sYf_m1TpLXtpj1ACEnWUzzEPOB/view?usp=sharing,
–£—Ä–æ–∫ 9. 5 —Å–ø–æ—Å–æ–±—ñ–≤ —Ä–æ–∑–≥–æ–≤–æ—Ä–∏—Ç–∏ –ø—ñ–¥–ø–∏—Å–Ω–∏–∫—ñ–≤,https://youtu.be/sByvZ_zS3EI?si=FaHm_dPpf9Q2nuRr,–ü—Ä–µ–∑–µ–Ω—Ç–∞—Ü—ñ—è –¥–æ —É—Ä–æ–∫—É: https://drive.google.com/file/d/1oLF1Xrr8n94QdoJMYGJKkdPws_vfG0D9/view?usp=sharing,
–ú–æ–¥—É–ª—å 4. –ì—Ä–æ—à–æ–≤–∏–π –±–ª–æ–≥,,,
–£—Ä–æ–∫ 1. –ê–∫—Ç–∏–≤–∏ –µ–∫—Å–ø–µ—Ä—Ç–∞ —Ç–∞ –º–∞–π–¥–∞–Ω—á–∏–∫–∏ –¥–ª—è –∑–∞–ø—É—Å–∫—É,https://youtu.be/7foDJsphv20?si=98MfdKVcuxqmvbXH,"–ü—Ä–µ–∑–µ–Ω—Ç–∞—Ü—ñ—è –¥–æ —É—Ä–æ–∫—É 
https://api.creo.ua/system-files/lessons/documents/3RGcH34KReWtf1YaeQELWPRoBCwyOuHM2FlQEtA9.pdf","–ó–∞–≤–¥–∞–Ω–Ω—è

–ó–∞–ø–æ–≤–Ω–∏—Ç–∏ —Ç–∞–±–ª–∏—Ü—é —Ä–æ–∑–ø–∞–∫—É–≤–∞–Ω–Ω—è –∞–∫—Ç–∏–≤—ñ–≤ https://docs.google.com/spreadsheets/d/12dPy245I7CO7lNY15q5R4Pup_LurTOk9Q3wTtiAzHfQ/edit?usp=sharing

–ü—Ä–∏–∫–ª–∞–¥ –∑–∞–ø–æ–≤–Ω–µ–Ω–æ—ó —Ç–∞–±–ª–∏—Ü—ñ —Ä–æ–∑–ø–∞–∫—É–≤–∞–Ω–Ω—è –∞–∫—Ç–∏–≤—ñ–≤ –Ω–∏–∂—á–µ:"
–£—Ä–æ–∫ 2. –Ø–∫ –ø–µ—Ä–µ—Å—Ç–∞—Ç–∏ —Ö–≤–∏–ª—é–≤–∞—Ç–∏—Å—è —ñ –ª–µ–≥–∫–æ –≤–µ—Å—Ç–∏ –±–ª–æ–≥,https://youtu.be/9m6KgWPgQQM?si=WXqF9te895XX8AKQ,"–ü—Ä–µ–∑–µ–Ω—Ç–∞—Ü—ñ—è –¥–æ —É—Ä–æ–∫—É:
https://api.creo.ua/system-files/lessons/documents/eo0xkYMcK2RJmaCG823OcQohC8OD1Ry0G1pSVLVC.pdf",
–£—Ä–æ–∫ 3. –°–∫–ª–∞–¥–æ–≤—ñ –ø–æ–∑–∏—Ü—ñ–æ–Ω—É–≤–∞–Ω–Ω—è –ª—ñ–¥–µ—Ä–∞,https://youtu.be/K0iUmQcDvGQ?si=Gv7TM1isA0b7Pmmt,"–ü—Ä–µ–∑–µ–Ω—Ç–∞—Ü—ñ—è –¥–æ —É—Ä–æ–∫—É
https://api.creo.ua/system-files/lessons/documents/QaSDxFOR2wQOfbhbADCcq1QlERK9ZyA541YiaJKy.pdf",
–£—Ä–æ–∫ 6. –£–ø–∞–∫–æ–≤–∫–∞ —É—Å–ø—ñ—à–Ω–æ–≥–æ –±–ª–æ–≥—É,https://youtu.be/6ADInrQQEXE?si=ZdP6gvjECf9bpofI,"–ü—Ä–µ–∑–µ–Ω—Ç–∞—Ü—ñ—è –¥–æ —É—Ä–æ–∫—É
https://api.creo.ua/system-files/lessons/documents/HwYKdjWDRJJOl9z2dA428ZsvUNxcxGJhiymFTCl9.pdf","–ó–∞–≤–¥–∞–Ω–Ω—è
–ü—Ä–∏–≤–µ—Å—Ç–∏ —Å–≤–æ—é/–µ–∫—Å–ø–µ—Ä—Ç–∞ —Å—Ç–æ—Ä—ñ–Ω–∫—É –¥–æ –ª–∞–¥—É –∑–∞ –ø—Ä–∞–≤–∏–ª–∞–º–∏ –∑ —É—Ä–æ–∫—É"
–£—Ä–æ–∫ 7. –Ø–∫ —Å—Ñ–æ—Ä–º—É–≤–∞—Ç–∏ –¥–æ–≤—ñ—Ä—É –ø—ñ–¥–ø–∏—Å–Ω–∏–∫—ñ–≤,https://youtu.be/iTFHzwdez6U?si=XTUMif3FW3fVs4vb,"–ü—Ä–µ–∑–µ–Ω—Ç–∞—Ü—ñ—è –¥–æ —É—Ä–æ–∫—É
https://api.creo.ua/system-files/lessons/documents/IdveyOSkuPptTInXMEV97uj3aVfIH2ES6VOhP0I8.pdf",
–£—Ä–æ–∫ 8. –°–∫–ª–∞–¥–∞—î–º–æ –∫–∞—Ä—Ç—É —Å–≤–æ–≥–æ –±–ª–æ–≥—É –∑–∞ —Å–º–∏—Å–ª–∞–º–∏ —ñ —Ç–µ–º–∞–º–∏,https://youtu.be/Wv5jgLcNPjY?si=NhnKcnQek2UgIqIN,"–ü—Ä–µ–∑–µ–Ω—Ç–∞—Ü—ñ—è –¥–æ —É—Ä–æ–∫—É
https://api.creo.ua/system-files/lessons/documents/GKv6xvcuG4l3MtgJ3cvLrN5do18JWoQdNJSp7cnR.pdf","–ó–∞–≤–¥–∞–Ω–Ω—è
–°–∫–ª–∞—Å—Ç–∏ –∫–∞—Ä—Ç—É —Å–≤–æ–≥–æ –±–ª–æ–≥—É/–µ–∫—Å–ø–µ—Ä—Ç–∞. 
–¢–∞–±–ª–∏—Ü—è –¥–ª—è –∑–∞–ø–æ–≤–Ω–µ–Ω–Ω—è https://docs.google.com/spreadsheets/d/1L55Fo33JEhh-PwWY-GHWbhiqgj9N25VDnUVMRRN8eQE/edit?usp=sharing  . –ó—Ä–æ–±—ñ—Ç—å –∫–æ–ø—ñ—é —ñ –∫–æ—Ä–∏—Å—Ç—É–π—Ç–µ—Å—è –¥–ª—è —Å–≤–æ–≥–æ –∑–∞–ø—É—Å–∫—É –∞–±–æ –µ–∫—Å–ø–µ—Ä—Ç–∞. "
–£—Ä–æ–∫ 9. –°—é–∂–µ—Ç–Ω—ñ –ª—ñ–Ω—ñ—ó —Ç–∞ —Å—Ç–æ—Ä—ñ—Ç–µ–ª—ñ–Ω–≥,https://youtu.be/KX4OJdiVQas?si=-qqNbaHnigMiC0zW,"–ü—Ä–µ–∑–µ–Ω—Ç–∞—Ü—ñ—è –¥–æ —É—Ä–æ–∫—É
https://api.creo.ua/system-files/lessons/documents/PxVM7NSmiEMWXuQ949RwGS8Hav05D7oYbILMoeX2.pdf

–ì–∞–π–¥ 7 –∫—Ä–æ–∫—ñ–≤ –¥–æ –∫—Ä—É—Ç–æ–≥–æ –±–ª–æ–≥—É
https://drive.google.com/file/d/1Y_8eQOdxpaaBPNI04K7Eha71bEzV8YOC/view?usp=sharing",
–£—Ä–æ–∫ 10. –ü—Ä–∞–≤–∏–ª–∞ —Ä–æ–±–æ—Ç–∏ –∑ –∫–æ–Ω—Ç–µ–Ω—Ç–æ–º —ñ –æ—Ö–æ–ø–ª–µ–Ω–Ω—è–º–∏,https://youtu.be/SkpouD236nw?si=_znjvFM6AvyrqQTt,"–ü—Ä–µ–∑–µ–Ω—Ç–∞—Ü—ñ—è –¥–æ —É—Ä–æ–∫—É
https://drive.google.com/file/d/1r-BJ1DWedqzut8-8cvCvlPNeEiCF2TZI/view?usp=sharing",
,,,
–ú–æ–¥—É–ª—å 5. –ü—Ä–æ–≥—Ä—ñ–≤. –ú–∏—Å—Ç–µ—Ü—Ç–≤–æ –ø—Ä–æ–¥–∞–∂—ñ–≤. ,,,
–£—Ä–æ–∫ 1. 10 –ø—Ä–∞–≤–∏–ª —ñ–¥–µ–∞–ª—å–Ω–æ–≥–æ –ø—Ä–æ–≥—Ä—ñ–≤—É,https://youtu.be/Ejqaak2ins0?si=LYDudyIC_CpaVdD3,–ü—Ä–µ–∑–µ–Ω—Ç–∞—Ü—ñ—è –¥–æ —É—Ä–æ–∫—É: https://api.creo.ua/system-files/lessons/documents/EQ3iDVRtoJADMtpUcnEdXPRGLcoalCcqcO1grU2c.pdf,
–£—Ä–æ–∫ 2. –Ø–∫ –≤–ø–ª–∏–≤–∞—Ç–∏ –Ω–∞ –∞—É–¥–∏—Ç–æ—Ä—ñ—é,https://youtu.be/HIyn837U6Ag?si=OlPBlCkKiVVQcfK0,–ü—Ä–µ–∑–µ–Ω—Ç–∞—Ü—ñ—è –¥–æ —É—Ä–æ–∫—É: https://api.creo.ua/system-files/lessons/documents/yiTpvmG0XMxTZgThFY4qRxW2jqQw3pL14s1yOyKX.pdf,
–£—Ä–æ–∫ 3. –ï—Ç–∞–ø–∏ –ø—Ä–æ–≥—Ä—ñ–≤—ñ–≤,https://youtu.be/f3xUPfkncXY?si=x6edU-8vPdDY0bsh,–ü—Ä–µ–∑–µ–Ω—Ç–∞—Ü—ñ—è –¥–æ —É—Ä–æ–∫—É:,
–£—Ä–æ–∫ 4. –¶–∏–∫–ª —É–≥–æ–¥–∏. –í–∏–±—ñ—Ä –≤–æ—Ä–æ–Ω–∫–∏,https://youtu.be/GW-SRzPMr-o?si=TSnFAOn8ANuYyliD,–ü—Ä–µ–∑–µ–Ω—Ç–∞—Ü—ñ—è –¥–æ —É—Ä–æ–∫—É:,
–£—Ä–æ–∫ 5. –°—Ç—Ä—É–∫—Ç—É—Ä–∞ —ñ –º–æ–¥–µ–ª—ñ –ø—Ä–æ–≥—Ä—ñ–≤—É,https://youtu.be/5aoFcDEwO3Y?si=9YXCVX4WmyS4sjaf,–ü—Ä–µ–∑–µ–Ω—Ç–∞—Ü—ñ—è –¥–æ —É—Ä–æ–∫—É:,
–£—Ä–æ–∫ 6. –ü—Ä–æ–≥—Ä—ñ–≤ —á–µ—Ä–µ–∑ —Å–µ–Ω—Å–∏,https://youtu.be/rDco3QhHa64?si=9KLc9BAwvH8wVizO,"–ü—Ä–µ–∑–µ–Ω—Ç–∞—Ü—ñ—è –¥–æ —É—Ä–æ–∫—É: https://api.creo.ua/system-files/lessons/documents/QzCE3qsdoAu7QiQ0hPjZ3KBwXusbV2OabQgC0GE6.pdf
–ì–∞–π–¥ –ì–æ—Ç–æ–≤—ñ —Å—Ü–µ–Ω–∞—Ä—ñ—ó –¥–ª—è —Ü—ñ–Ω–Ω–æ—Å—Ç–µ–π: https://drive.google.com/file/d/115QU-hrmxtB4K7PIwzS6Y3HGtRANzBFI/view
–ú–∞–π–Ω–¥ –∫–∞—Ä—Ç–∞ - –Ü–¥–µ—ó –ø–æ —Å–µ–Ω—Å–∞–º https://drive.google.com/file/d/115QU-hrmxtB4K7PIwzS6Y3HGtRANzBFI/view",
–£—Ä–æ–∫ 7. –Ü–Ω—Ñ–æ–ø—Ä–∏–≤–æ–¥–∏ —ñ —Å—Ç–æ—Ä—ñ—Ç–µ–ª–ª—ñ–Ω–≥,https://youtu.be/xJ5fhlJKbp8?si=lFPdPBbY4THt5FXA,–ü—Ä–µ–∑–µ–Ω—Ç–∞—Ü—ñ—è –¥–æ —É—Ä–æ–∫—É:,
–£—Ä–æ–∫ 8. –ú'—è–∫–∞ –¥–µ–º–æ–Ω—Å—Ç—Ä–∞—Ü—ñ—è –µ–∫—Å–ø–µ—Ä—Ç–Ω–æ—Å—Ç—ñ,https://youtu.be/9x0C3wFvT2Q?si=776rBl3-rJgSktvN,"–ü—Ä–µ–∑–µ–Ω—Ç–∞—Ü—ñ—è –¥–æ —É—Ä–æ–∫—É: https://api.creo.ua/system-files/lessons/documents/rXhScQ7uuw0FcEkv1gu13EOkl2IACnXfnrTK1iTv.pdf
–¢–∞–±–ª–∏—Ü—è ""–í–∏–¥–∏ –µ–∫—Å–ø–µ—Ä—Ç–Ω–æ–≥–æ –∫–æ–Ω—Ç–µ–Ω—Ç—É"": https://docs.google.com/spreadsheets/d/1vJMMJHN-0PhP9401tyL_KB4N8EE-pmAL/edit?usp=sharing&ouid=100098198954978073195&rtpof=true&sd=true
–¢–∞–±–ª–∏—Ü—è ""–ü—Ä–∏–∫–ª–∞–¥–∏ –º–µ—Ç–∞–ø–æ–≤—ñ–¥–æ–º–ª–µ–Ω—å –≤ —Ä—ñ–∑–Ω–∏—Ö –Ω—ñ—à–∞—Ö"": https://docs.google.com/spreadsheets/d/1Qz9jzOT7_QMop2r5zyQ9tgkPMXpPkkhj/edit?usp=sharing&ouid=100098198954978073195&rtpof=true&sd=true",
–£—Ä–æ–∫ 9. –ê–ª–≥–æ—Ä–∏—Ç–º –Ω–∞–ø–∏—Å–∞–Ω–Ω—è –ø—Ä–æ–≥—Ä—ñ–≤—É,https://youtu.be/XEsVbkFRukc?si=bv6-B3byvddA1uGi,"–ü—Ä–µ–∑–µ–Ω—Ç–∞—Ü—ñ—è –¥–æ —É—Ä–æ–∫—É: https://api.creo.ua/system-files/lessons/documents/SztXdSpvcZZDzCW0urEzCFjLkFbtjB7yWSbd0ySm.pdf

–¢–∞–±–ª–∏—Ü—è –¥–ª—è –ø–ª–∞–Ω—É–≤–∞–Ω–Ω—è –ø—Ä–æ–≥—Ä—ñ–≤—É —Ç–∞ –∫–æ–Ω—Ç–µ–Ω—Ç—É https://docs.google.com/spreadsheets/d/1-YXvrvegigLWQ1RHOxz_f0xor64HTXLME7rXZ7KVaJ4/edit?usp=sharing
–ü—Ä–∏–∫–ª–∞–¥ –∫–æ–Ω—Ç–µ–Ω—Ç-–ø–ª–∞–Ω—É –ø—Ä–æ–≥—Ä—ñ–≤—É (–∑–≤–µ—Ä–Ω—ñ—Ç—å —É–≤–∞–≥—É –Ω–∞ –æ—Ñ–æ—Ä–º–ª–µ–Ω–Ω—è)
 
üìé 1 –ø—Ä–∏–∫–ª–∞–¥:

1. –§–æ—Ç–æ
+ —Å–∫—Ä—ñ–Ω (–Ω–∞–ø–∏—Å–∞—Ç–∏)
–ü—Ä–∏–≤—ñ—Ç –¢–∞—Ä–∞—Å) —è–∫ –Ω–∞–≤—á–∏—Ç–∏—Å—è –ø—Ä–æ–¥–∞–≤–∞—Ç–∏ —Ç–∞–∫ —Å–∞–º–æ –ª–µ–≥–∫–æ —ñ –Ω–µ–≤–∏–º—É—à–µ–Ω–æ —è–∫ —Ç–∏?))) –ö–æ–ª–∏ —É –º–µ–Ω–µ –∑–∞–ø–∏—Ç—É—é—Ç—å –ø—Ä–æ —Ü—ñ–Ω—É, —è –≤–ø–∞–¥–∞—é –≤ —Ç—Ä–∞–Ω—ÅüòÖ

–•–æ—á–µ—Ç–µ —è –∑–∞—Ä–∞–∑ –∑—Ä–æ–±–ª—é –ø—Ä–æ–¥–∞–∂ –≤—Å—å–æ–≥–æ –∑–∞ 3 —Ç–µ–∑–∏?
–í–∏ –∑–º–æ–∂–µ—Ç–µ –ø–æ–¥–∏–≤–∏—Ç–∏—Å—è —ñ –∑—Ä–æ–∑—É–º—ñ—Ç–∏ –Ø–ö —Ü–µ –ø—Ä–∞—Ü—é—î
–∞–ª–µ –∑ –≤–∞—Å - –∑–≤–æ—Ä–æ—Ç–Ω–∏–π –∑–≤'—è–∑–æ–∫
–ö–Ω–æ–ø–∫–∞ üëå
2. –§–æ—Ç–æ
1
–£ –≤–∞—Å —î —Ç–∞–∫—ñ –∑–Ω–∞–π–æ–º—ñ, —è–∫—ñ –¥—É–∂–µ —Ä–æ–∑—É–º–Ω—ñ, —Ç–∞–ª–∞–Ω–æ–≤–∏—Ç—ñ, –±–∞–≥–∞—Ç–æ –ø—Ä–∞—Ü—é—é—Ç—å, –∞–ª–µ –ì–†–û–®–ï–ô –£ –ù–ò–• –ú–ê–õ–û?
–ì–æ–ª–æ—Å—É–≤–∞–Ω–Ω—è
–¢–∞–∫, —î —Ç–∞–∫—ñü§î
–ù–µ–º–∞—î —Ç–∞–∫–∏—Ö
–¢–∞–∫, —Ü–µ –∑–¥–∞—î—Ç—å—Å—è —èüò•

3. –†–æ–∑–º–æ–≤–Ω–∞
2
–£ –º–µ–Ω–µ —î –ú–ï–¢–û–î–ò–ö–ê, –¥–æ—Ç—Ä–∏–º—É—é—á–∏—Å—å —è–∫–æ—ó –ª—é–¥–∏ –º–æ–∂—É—Ç—å –∑–∞ 2 —Ç–∏–∂–Ω—ñ –ø–µ—Ä–µ—Ç–≤–æ—Ä–∏—Ç–∏ –±—É–¥—å-—è–∫—ñ —Å–≤–æ—ó –ù–ê–í–ò–ß–ö–ò –Ü –ó–ù–ê–ù–ù–Ø –ù–ê –ì–†–û–®–Ü —á–µ—Ä–µ–∑ —Å–æ—Ü–º–µ—Ä–µ–∂—ñ, —ñ —Ü–µ –Ω–µ –≤–∏–º–∞–≥–∞—î –∞–±—Å–æ–ª—é—Ç–Ω–æ –Ω—ñ—è–∫–∏—Ö –≤–∫–ª–∞–¥–µ–Ω—å.
–¶–µ –ö–û–ù–ö–†–ï–¢–ù–Ü –î–Ü–á, —è–∫—ñ –ø—Ä–æ—Å—Ç–æ –Ω–µ–æ–±—Ö—ñ–¥–Ω–æ –∫—Ä–æ–∫ –∑–∞ –∫—Ä–æ–∫–æ–º –≤–∏–∫–æ–Ω—É–≤–∞—Ç–∏ —ñ –≤–æ–Ω–∏ –ø–æ—á–∏–Ω–∞—é—Ç—å –¥–∞–≤–∞—Ç–∏ –†–ï–ó–£–õ–¨–¢–ê–¢–ò –í –ì–†–û–®–ê–•

4. –§–æ—Ç–æ
3
–¶–µ –±—É–ª–∞ –∫–æ—Ä–æ—Ç–∫–∞ –ø—Ä–µ–∑–µ–Ω—Ç–∞—Ü—ñ—è –º–æ—î—ó –®–∫–æ–ª–∏ –ó–∞—Ä–æ–±—ñ—Ç–∫—É 3.0, —è–∫–∞ —Å—Ç–∞—Ä—Ç—É—î –≤–∂–µ –ø—ñ—Å–ª—è–∑–∞–≤—Ç—Ä–∞
–∑–∞–±—Ä–∞—Ç–∏ –æ—Å—Ç–∞–Ω–Ω—ñ 4 –º—ñ—Å—Ü—è –º–æ–∂–Ω–∞ —Ç—ñ–ª—å–∫–∏ —á–µ—Ä–µ–∑ –í–Ü–î–ë–Ü–† –∑–∞ —Ü—ñ—î—é –∞–Ω–∫–µ—Ç–æ—éüëá
+ –ø–æ—Å–∏–ª–∞–Ω–Ω—è
(—É –≤–∞—Å 1 –¥–µ–Ω—å —â–æ–± –ø–æ—Ç—Ä–∞–ø–∏—Ç–∏)
5. –†–æ–∑–º–æ–≤–Ω–∞
–ù—É –æ—Å—å —ñ –≤—Å–µ! –£ –ª—é–¥–µ–π —î –ø—Ä–æ–±–ª–µ–º–∞, —É –≤–∞—Å —î –∫–ª–∞—Å–Ω–µ —Ä—ñ—à–µ–Ω–Ω—è, —è–∫–µ –¥–∞—î –±–∞–∂–∞–Ω–∏–π —Ä–µ–∑—É–ª—å—Ç–∞—Ç. –Ü –≤–∏ –ø—Ä–æ—Å—Ç–æ –ø—Ä–æ —Ü–µ —Ä–æ–∑–ø–æ–≤—ñ–¥–∞—î—Ç–µ —Å–≤—ñ—Ç—É! –ê —Å–æ—Ü–º–µ—Ä–µ–∂—ñ —Ü–µ –Ω–∞–π–ø—Ä–æ—Å—Ç—ñ—à–∏–π —ñ –±–µ–∑–∫–æ—à—Ç–æ–≤–Ω–∏–π —Å–ø–æ—Å—ñ–± —è–∫ —Ü–µ –º–æ–∂–Ω–∞ –∑—Ä–æ–±–∏—Ç–∏. –Ü —è–∫—â–æ –≤–∏ –≤—Å–µ —Ä–æ–±–∏—Ç–µ –ø—Ä–∞–≤–∏–ª—å–Ω–æ, —Ç–æ –ª—é–¥–∏ —â–∞—Å–ª–∏–≤—ñ –∑–Ω–∞–π—Ç–∏ –≤–∞—Å —ñ –∫—É–ø–∏—Ç–∏ —Ä—ñ—à–µ–Ω–Ω—è —Å–≤–æ—î—ó –ø—Ä–æ–±–ª–µ–º–∏.
–Ü –ø–æ—Ç—ñ–º —É –≤–∞—Å —á–µ—Ä–≥–∞, —è–∫ —É –º–æ—ó–π –∞–Ω–∫–µ—Ç—ñ –¥–ª—è –≤—ñ–¥–±–æ—Ä—É - 30 –æ—Å—ñ–± –Ω–∞ 1 –º—ñ—Å—Ü–µ
–ö–æ—Ä–æ—Ç—à–µ, –ø—Ä–∏—Ö–æ–¥—å—Ç–µ –¥–æ –®–∫–æ–ª–∏ - —è –≤–∞—Å —É—Å—å–æ–≥–æ –Ω–∞–≤—á—É. –ù–∞–≤—ñ—Ç—å —è–∫—â–æ –≤–∞–º 40-50+ —Ä–æ–∫—ñ–≤, –≤–∏ –¥—É–º–∞—î—Ç–µ, —â–æ –≤–∞–º –Ω—ñ—á–æ–≥–æ –∑–∞–ø—Ä–æ–ø–æ–Ω—É–≤–∞—Ç–∏ –ª—é–¥—è–º, –∞–±–æ –≤–∏ –≤–∑–∞–≥–∞–ª—ñ –Ω–µ —Ö–æ—á–µ—Ç–µ —Å–≤—ñ—Ç–∏—Ç–∏—Å—è –≤ —Å–æ—Ü–º–µ—Ä–µ–∂–∞—Ö
+ —Å–∫—Ä—ñ–Ω –∑ –∞–Ω–∫–µ—Ç–∏
üìé 2 –ø—Ä–∏–∫–ª–∞–¥:

1. –§–æ—Ç–æ

+ —Å–∫—Ä—ñ–Ω (–Ω–∞–ø–∏—Å–∞—Ç–∏)
–¢–∞—Ä–∞—Å–µ, —è —Ç–µ–±–µ –æ–±–æ–∂–Ω—é—é!
–¢–≤–æ—ó —Å—Ç–æ—Ä—ñ—Å–∏ —ñ —Ä—ñ–ª—Å–∏ –¥–ª—è –º–µ–Ω–µ —Å–ø—Ä–∞–≤–∂–Ω—ñ–π –ø—Ä–∏–∫–ª–∞–¥ - –≤—á—É—Å—è —Ç–∞–∫ —Å–∞–º–æ –≤—ñ–¥–∫—Ä–∏—Ç–æ —ñ –≤—ñ–ª—å–Ω–æ –ø–æ–≤–æ–¥–∏—Ç–∏—Å—è –Ω–∞ –∫–∞–º–µ—Ä—Éüòçü§óü§ó
–î—É–º–∞—î—Ç–µ, —è –∑–∞–≤–∂–¥–∏ –±—É–≤ —Ç–∞–∫–∏–º?
–ó–∞—Ä–∞–∑ –ø–æ–∫–∞–∂—É –∑ —á–æ–≥–æ —è –ø–æ—á–∏–Ω–∞–≤üëâ
 
2. –í—ñ–¥–µ–æ –∞—Ä—Ö—ñ–≤–Ω–æ—ó —Å—Ç–æ—Ä—ñ—Å (–Ω—ñ–±–∏—Ç–æ –Ω–µ–≤–¥–∞–ª–µ)

–ü—ñ–¥–ø–∏—Å
–í–∏–≥–ª—è–¥–∞–ª–∏ –≤–æ–Ω–∏ —Ç–∞–∫üëÜ
‚ùåÔ∏è—è —Å–æ—Ä–æ–º–∏–≤—Å—è
‚ùåÔ∏è–Ω–µ –∑–Ω–∞–≤ –ø—Ä–æ —â–æ –≥–æ–≤–æ—Ä–∏—Ç–∏ —ñ —â–æ –∑–Ω—ñ–º–∞—Ç–∏
‚ùåÔ∏è–º–Ω–æ–≥–æ –ø—Ä–∞—Ü—é–≤–∞–≤, –∞–ª–µ –Ω–µ –∑–Ω–∞–≤ —è–∫ —Ü–µ —Ü—ñ–∫–∞–≤–æ –ø–æ–∫–∞–∑–∞—Ç–∏
 
3. –í—ñ–¥–µ–æ –∞—Ä—Ö—ñ–≤–Ω–µ (—Å—Ç–æ—Ä—ñ—Å –∞–±–æ —Ä—ñ–ª—Å)
–ó–º—ñ–Ω–∏–≤—Å—è –∑–∞ 2 —Ä–æ–∫–∏?
–ì–æ–ª–æ—Å—É–≤–∞–Ω–Ω—è
–¢–∞–∫!
–ù—ñ
 
4.—Ñ–æ–Ω
+ —Å–∫—Ä—ñ–Ω –∑ –¥–∏—Ä–µ–∫—Ç—É —è–∫ –≤—ñ–¥–ø–æ–≤—ñ–¥—å –Ω–∞ 3—é —Å—Ç–æ—Ä—ñ—Å (—â–æ–± –±—É–ª–æ –≤–∏–¥–Ω–æ —Å–∞–º—É —Å—Ç–æ—Ä—ñ—Å —ñ –≤—ñ–¥–ø–æ–≤—ñ–¥—å)
–û, —Ü–µ –ø—Ä—è–º —è–∫ —è –∑–∞—Ä–∞–∑üòÇ
–ü—ñ–¥–ø–∏—Å
–ö–æ–º—É —â–µ –∑–Ω–∞–π–æ–º–µ?
–ö–Ω–æ–ø–∫–∞ üôã‚Äç‚ôÄÔ∏è

5. –§–æ—Ç–æ
–®–æ–∫- —Ñ–∞–∫—Ç
–ù–∞–≤—ñ—Ç—å —Ç–æ–¥—ñ - –Ω–∞ —Å–∞–º–æ–º—É –ø–æ—á–∞—Ç–∫—É —à–ª—è—Ö—É (–∫–æ–ª–∏ –≤ –º–µ–Ω–µ –Ω–µ –±—É–ª–æ –Ω–∞–≤—ñ—Ç—å 10 —Ç–∏—Å—è—á –ø—ñ–¥–ø–∏—Å–Ω–∏–∫—ñ–≤), —è –≤–∂–µ –∑–∞—Ä–æ–±–ª—è–≤ –Ω–∞ –±–ª–æ–∑—ñ 1000+ $ –Ω–∞ –º—ñ—Å—è—Ü—å
6. –†–æ–∑–º–æ–≤–Ω–∞
–©–æ —è —Ö–æ—á—É –¥–æ–Ω–µ—Å—Ç–∏ –≤–∞–º: –Ω–∞–≤—ñ—Ç—å –Ω–∞ –Ω–µ—ñ–¥–µ–∞–ª—å–Ω–æ–º—É –º–∞–ª–µ–Ω—å–∫–æ–º—É –±–ª–æ–∑—ñ –º–æ–∂–Ω–∞ –ª–µ–≥–∫–æ –∑–∞—Ä–æ–±–ª—è—Ç–∏!
–ì–æ–ª–æ–≤–Ω–µ –í–ï–°–¢–ò –π–æ–≥–æ!
–ê —è–∫—â–æ –Ω–∞–≤—á–∏—Ç–∏—Å—è –≤–µ—Å—Ç–∏ –π–æ–≥–æ –∫—Ä—É—Ç–æ, —Ä–æ–±–∏—Ç–∏ —Ü—ñ–∫–∞–≤—ñ —Å—Ç–æ—Ä—ñ—Å —ñ —Ä—ñ–ª—Å–∏, –Ω–∞–±–∏—Ä–∞—Ç–∏ –∞—É–¥–∏—Ç–æ—Ä—ñ—é –ª–µ–≥–∫–æ —ñ –±–µ–∑–∫–æ—à—Ç–æ–≤–Ω–æ, —Ç–æ –≤–∞–º –≤—ñ–¥–∫—Ä–∏—Ç—ñ —Å–æ—Ç–Ω—ñ –º–æ–∂–ª–∏–≤–æ—Å—Ç–µ–π!

7. –í—ñ–¥–µ–æ —è–∫ —Ñ–æ–Ω–æ–≤–µ –∞–±–æ —Ñ–æ—Ç–æ
–û–¥–Ω–æ–≥–æ —Ä–∞–∑—É –ø–æ—á–∞–≤—à–∏ —à–ª—è—Ö –±–ª–æ–≥–µ—Ä–∞, —Ç–µ–ø–µ—Ä —Ü–µ –º–æ—î –∂–∏—Ç—Ç—è:

- —Å—Ç–æ—Ä—ñ—Å, —Ä—ñ–ª—Å–∏, —Ç—ñ–∫—Ç–æ–∫–∏ - —É–ª—é–±–ª–µ–Ω–∞ —Ä–æ–±–æ—Ç–∞
- 2,1 –º–ª–Ω –∞—É–¥–∏—Ç–æ—Ä—ñ—ó
- —Å–æ—Ç–Ω—ñ —Ä–µ–∫–ª–∞–º–Ω–∏—Ö —ñ–Ω—Ç–µ–≥—Ä–∞—Ü—ñ–π
- –∑–≤'—è–∑–∫–∏ —Ç–∞ –æ—Ç–æ—á–µ–Ω–Ω—è
- –ø–æ–≤–Ω–∞ —Ñ—ñ–Ω–∞–Ω—Å–æ–≤–∞ —Å—Ç–∞–±—ñ–ª—å–Ω—ñ—Å—Ç—å
- 3 –ø–æ—Ç–æ–∫–∏ –Ω–∞–≤—á–∞–Ω–Ω—è —ñ–∑ –∑–∞—Ä–æ–±—ñ—Ç–∫—É
- –≤–∏–∑–Ω–∞–Ω–Ω—è —Ç–∞ —Ä–µ–∞–ª—ñ–∑–∞—Ü—ñ—è
8. –§–æ–Ω
+ —Å–∫—Ä—ñ–Ω–∏ –≤—ñ–¥–≥—É–∫–∏
–Ü —è –¥—É–∂–µ —Ä–∞–¥–∏–π, —â–æ –¥–æ–ø–æ–º–∞–≥–∞—é –ø–æ—á–∞—Ç–∏ —Ü–µ–π —à–ª—è—Ö —ñ —ñ–Ω—à–∏–º ‚ù§

9. –§–æ—Ç–æ
+ —Å–∫—Ä—ñ–Ω–∏ —É—Ä–æ–∫—ñ–≤ 5 —ñ 6 –º–æ–¥—É–ª—è
*—Ü–µ –≤—Å—å–æ–≥–æ –ª–∏—à–µ 10% –ø—Ä–æ–≥—Ä–∞–º–∏
–í–µ—Å—å –º—ñ–π –¥–æ—Å–≤—ñ–¥ —É –º–æ—ó–π –®–∫–æ–ª—ñ - –¥–∞—é –∞–±—Å–æ–ª—é—Ç–Ω–æ –≤—Å—ñ —ñ–Ω—Å—Ç—Ä—É–º–µ–Ω—Ç–∏!
 
10. –§–æ—Ç–æ
+ –°–∫—Ä—ñ–Ω (–Ω–∞–ø–∏—Å–∞—Ç–∏)
–ó–∞—Ä–∞–∑ –º–æ–∂–Ω–∞ –ø–æ—Ç—Ä–∞–ø–∏—Ç–∏ –¥–æ –≤–∞—Å –Ω–∞ –Ω–∞–≤—á–∞–Ω–Ω—è?

–ü—ñ–¥–ø–∏—Å
...–∞–ª–µ —â–æ–± —ó—Ö –æ—Ç—Ä–∏–º–∞—Ç–∏ –¥–æ–≤–æ–¥–∏—Ç—å—Å—è —á–µ–∫–∞—Ç–∏
ü§∑‚Äç‚ôÇÔ∏è–ø–æ–∫–∏ –Ω–µ –≤–∏—Ä—ñ—à–∏–≤ —á–∏ –±—É–¥—É —Ä–æ–±–∏—Ç–∏ —Ü—å–æ–≥–æ —Ä–æ–∫—É —â–µ –æ–¥–∏–Ω –ø–æ—Ç—ñ–∫",
–£—Ä–æ–∫ 10. –ü—Å–∏—Ö–æ–ª–æ–≥—ñ—á–Ω—ñ —Ç—Ä–∏–≥–µ—Ä–∏ –ø—Ä–æ–¥–∞–∂—ñ–≤,https://youtu.be/82XqP0M1IjU?si=DrF6el5t1Ss9nVPb,"–ü—Ä–µ–∑–µ–Ω—Ç–∞—Ü—ñ—è –¥–æ —É—Ä–æ–∫—É: https://api.creo.ua/system-files/lessons/documents/45OAzHeNKXftC07XZxB0tul6VG6Gwf62jaOGdB8v.pdf

–ß–µ–∫-–ª–∏—Å—Ç ""–ê–∂—ñ–æ—Ç–∞–∂ —Ç–∞ –æ–±–º–µ–∂–µ–Ω–Ω—ñ—Å—Ç—å"": https://api.creo.ua/system-files/lessons/documents/Cmv9GNxjIGVNTlVt4ZQqf0jZMf18HNx0Ip14wc2Y.pdf",
–£—Ä–æ–∫ 11. –ü—Ä–æ–≥—Ä—ñ–≤ —á–µ—Ä–µ–∑ —Ä–µ–∞–ª—ñ—Ç—ñ/–ø–µ—Ä—Å–æ–Ω–∞–∂–∞,https://youtu.be/mjyDnRWxfyw?si=1RbRbq3s-kejLM2_,"–ü—Ä–µ–∑–µ–Ω—Ç–∞—Ü—ñ—è –¥–æ —É—Ä–æ–∫—É: https://api.creo.ua/system-files/lessons/documents/7BYcMJJkGfl4hhYWYDCoXrK3pqA0IT6FnAn0o5E7.pdf


–ì–∞–π–¥ ""–ü–û–ö–†–û–ö–û–í–ò–ô –ü–õ–ê–ù –ü–†–û–ì–†–Ü–í–£ –ó –ü–ï–†–°–û–ù–ê–ñ–ï–ú"": https://api.creo.ua/system-files/lessons/documents/88iYOPPVbK8XKN38dsGFTg5P3G0vm0x8GCQOEZdv.pdf",
"–£—Ä–æ–∫ 12. –ü—Ä–æ–¥–∞–∂—ñ –∑ –ø—ñ–≤—Å–ª–æ–≤–∞, –∑–∞–∫—Ä–∏—Ç—Ç—è –∑–∞–ø–µ—Ä–µ—á–µ–Ω—å",https://youtu.be/Hxoj-yNpNzs?si=fg_hDsEEuAmBZRrd,–ü—Ä–µ–∑–µ–Ω—Ç–∞—Ü—ñ—è –¥–æ —É—Ä–æ–∫—É: https://api.creo.ua/system-files/lessons/documents/OxBpnBfVbP3iovREJyGSNguSIA1ieKmp6UebrcYq.pdf,
–£—Ä–æ–∫ 13. –ö–æ–Ω—Å—Ç—Ä—É–∫—Ç–æ—Ä –ø—Ä–æ–≥—Ä—ñ–≤—ñ–≤,https://youtu.be/OOYPJpLN52k?si=RjwoD_akwdl_tYPf,"–ì–∞–π–¥ ""–ü–û–ö–†–û–ö–û–í–ê –°–•–ï–ú–ê –ü–†–û–ì–†–Ü–í–£ –ù–ê 7, 14 –Ü 31 –î–ï–ù–¨"" https://api.creo.ua/system-files/lessons/documents/Zk36CgQLkFnWtMNNQjXkIsF38VUOMUcZOkZTtCvL.pdf
–ö–æ–Ω—Å—Ç—Ä—É–∫—Ç–æ—Ä –ø—Ä–æ–≥—Ä—ñ–≤—É https://lowly-pisces-d3d.notion.site/57725a071e804d58a1796803d26aa09e?v=03d66ed3a9e34e68846114abfc0f26d7
–¢–∞–±–ª–∏—Ü—è ""–°—Ö–µ–º–∞ –ø—Ä–æ–≥—Ä—ñ–≤—É –Ω–∞ 21 –¥–µ–Ω—å"": https://docs.google.com/spreadsheets/d/1nlsF6pZNutfZxviVDgPGS8oXkAo28Pu5/edit?usp=sharing&ouid=100098198954978073195&rtpof=true&sd=true",
–£—Ä–æ–∫ 14. –Ø–∫ –∑–∞—Ä–æ–±–∏—Ç–∏ –Ω–∞ –Ω–∞–ø–∏—Å–∞–Ω–Ω—ñ –ø—Ä–æ–≥—Ä—ñ–≤—ñ–≤,https://youtu.be/PTWiB_NIpcY?si=bL8whh18Mzg-ipUo,–ü—Ä–µ–∑–µ–Ω—Ç–∞—Ü—ñ—è –¥–æ —É—Ä–æ–∫—É: https://api.creo.ua/system-files/lessons/documents/AQKKf8fyojsfcVDBpZGmMWCynJEFKCfAdVwhs3hv.pdf,
–ú–æ–¥—É–ª—å 6. –í–æ—Ä–æ–Ω–∫–∏ –ø—Ä–æ–¥–∞–∂—ñ–≤ —ñ —Ç–µ—Ö–Ω—ñ—á–Ω–∞ –º–∞–≥—ñ—è,"–î—Ä—É–≥–∏–µ –≤–∞—Ä–∏–∞–Ω—Ç—ã –Ω–∞–∑–≤–∞–Ω–∏–π:

–ü–µ—Ä–µ–≤—ñ—Ä–µ–Ω—ñ –º–µ—Ç–æ–¥–∏ –ø—Ä–æ–¥–∞–∂—ñ–≤

–ú–µ—Ç–æ–¥–∏ –ø—Ä–æ–¥–∞–∂—ñ–≤ —ñ —Ç–µ—Ö–Ω—ñ—á–Ω–µ —Å—Ç–≤–æ—Ä–µ–Ω–Ω—è –ø—Ä–æ–¥—É–∫—Ç—É

–í–æ—Ä–æ–Ω–∫–∏ –ø—Ä–æ–¥–∞–∂—ñ–≤: –≤—ñ–¥ —ñ–¥–µ—ó –¥–æ –æ–ø–ª–∞—Ç–∏",,
–£—Ä–æ–∫ 1. –í–æ—Ä–æ–Ω–∫–∏ —Ç–∞ –≤—ñ–∫–Ω–∞ –ø—Ä–æ–¥–∞–∂—ñ–≤,https://youtu.be/E_gCKqHqWBo?si=BrZlvezrFqQFFQC0,–ü—Ä–µ–∑–µ–Ω—Ç–∞—Ü—ñ—è –¥–æ —É—Ä–æ–∫—É: https://drive.google.com/file/d/1Nia8AmDiR_lTP1__VeY55Jv7HZ8F7FQg/view?usp=sharing,
–£—Ä–æ–∫ 2. –¶—ñ–ª—å–æ–≤–∞ –¥—ñ—è —ñ –ø–∞–∑–ª–∏ –ø—Ä–æ–¥–∞–∂—ñ–≤,https://youtu.be/Xn15DAY_Wug?si=qGSimImbmKRGynD0,"–ü—Ä–µ–∑–µ–Ω—Ç–∞—Ü—ñ—è –¥–æ —É—Ä–æ–∫—É: https://drive.google.com/file/d/1eIg6mCU0iJD1qKhJysVpeQrDbam1SOcV/view?usp=sharing

–ü—Ä–∏–∫–ª–∞–¥–∏ –õ—ñ–¥ –º–∞–≥–Ω—ñ—Ç–∞ –∑–∞ –Ω—ñ—à–∞–º–∏ https://drive.google.com/file/d/13oDaf6GAekq55T0uHareS3NPFH3T1VsZ/view?usp=sharing",
–£—Ä–æ–∫ 3. –ü—Ä–æ–¥–∞–∂ —á–µ—Ä–µ–∑ –∞–Ω–∫–µ—Ç—É –ø–æ–ø–µ—Ä–µ–¥–Ω—å–æ–≥–æ –∑–∞–ø–∏—Å—É,https://youtu.be/4tR2LWRe8Kc?si=1Gw2FDJD864mAvn1,–ü—Ä–µ–∑–µ–Ω—Ç–∞—Ü—ñ—è –¥–æ —É—Ä–æ–∫—É: https://drive.google.com/file/d/1FtuFziaogcCW4eNV5e_tLfYlL5hwyDtw/view?usp=sharing,
–£—Ä–æ–∫ 4. –í–æ—Ä–æ–Ω–∫–∞ –≤ –ë–î,https://youtu.be/sHFIRGsKI60?si=rs6LlOJe4ATvANcm,–ü—Ä–µ–∑–µ–Ω—Ç–∞—Ü—ñ—è –¥–æ —É—Ä–æ–∫—É: https://drive.google.com/file/d/18CQ1vp4pkY2E5y1C8-4fytAkNc_SUTGV/view?usp=sharing,
–£—Ä–æ–∫ 5. –ü—Ä–æ–≤–µ–¥–µ–Ω–Ω—è –≤–µ–±—ñ–Ω–∞—Ä—ñ–≤,https://youtu.be/1HBw8m3nDkE?si=6JsoCgc8SX7IeiQ_,"–ü—Ä–µ–∑–µ–Ω—Ç–∞—Ü—ñ—è –¥–æ —É—Ä–æ–∫—É: https://drive.google.com/file/d/181bvnRkdFszO4j9d4C9lZNJeWgG4mW5X/view?usp=sharing
–¢–∞–±–ª–∏—Ü—è ¬´–ü–æ–∫—Ä–æ–∫–æ–≤–æ–≥–æ –Ω–∞–ø–∏—Å–∞–Ω–Ω—è —Å—Ü–µ–Ω–∞—Ä—ñ—é –≤–µ–±—ñ–Ω–∞—Ä—É¬ª: https://docs.google.com/spreadsheets/d/10Z4ghSpsDwW_-EtI-0otHMGBjh-tfmpk/edit?usp=sharing&ouid=100098198954978073195&rtpof=true&sd=true
–¢–∞–±–ª–∏—Ü—è ¬´–ß–µ–∫-–ª–∏—Å—Ç –ø—Ä–æ–¥–∞—é—á–æ—ó –ø—Ä–µ–∑–µ–Ω—Ç–∞—Ü—ñ—ó¬ª : https://docs.google.com/spreadsheets/d/19tneg-KUgoNGgtodBBM5hvwbzTvgrsmn/edit?usp=sharing&ouid=100098198954978073195&rtpof=true&sd=true
39 —Ñ—ñ—à–æ–∫ —è–∫ –ø—ñ–¥–Ω—è—Ç–∏ –ø—Ä–æ–¥–∞–∂—ñ –∑ –≤–µ–±—ñ–Ω–∞—Ä—É : https://drive.google.com/file/d/1wkhIKN_NI43prcCRwuAg6zHQ66R9Itxw/view?usp=sharing
–ü—Ä–∏–∫–ª–∞–¥–∏ –ø—Ä–æ–¥–∞—é—â–∏—Ö –ø—Ä–µ–∑–µ–Ω—Ç–∞—Ü—ñ–π: https://drive.google.com/drive/folders/1fbibEMXjXoibKJW8wvnA5FJKRD500MPH?usp=share_link",
–£—Ä–æ–∫ 6. –Ø–∫ –ø—Ä–æ–≤–æ–¥–∏—Ç–∏ –¥—ñ–∞–≥–Ω–æ—Å—Ç–∏–∫—É?,"https://www.youtube.com/live/xvmVL1jjeV8?si=Y22nx9V48GfuslhV
https://youtu.be/mwZZcNebNUM?si=MIX2BYW6hxDw2gyk
https://youtu.be/k9LUPoEQ8Pc?si=-tqKB90uujEM6NAK","–ü—Ä–æ–¥–∞–∂—ñ —á–µ—Ä–µ–∑ –¥—ñ–∞–≥–Ω–æ—Å—Ç–∏–∫: https://drive.google.com/file/d/1o1-bJ9PlbrXEcYgOcCD3M34lXO_E6TjG/view?usp=sharing
–°–∫—Ä–∏–ø—Ç –¥—ñ–∞–≥–Ω–æ—Å—Ç–∏–∫–∏: https://docs.google.com/spreadsheets/d/1pNXAYMLmDo9eVYsMewyduJGjhgk_UKbB/edit?gid=328407302#gid=328407302
",
–£—Ä–æ–∫ 7. –Ø–∫ –≤–∏–∫–æ—Ä–∏—Å—Ç–æ–≤—É–≤–∞—Ç–∏ –¥–∏—Ä–µ–∫—Ç –≤ –∑–∞–ø—É—Å–∫–∞—Ö,https://youtu.be/sZHbJrh-KKM?si=fHufBiLMxeOsvwfk,"‚û°Ô∏è–°–µ—Ä–≤—ñ—Å–∏ —ñ –±–æ—Ç–∏ –¥–ª—è –ø—ñ–¥–≤–∏—â–µ–Ω–Ω—è –¥–æ—Ö—ñ–¥–Ω–æ—Å—Ç—ñ –Ω–∞ –≤–µ–±—ñ–Ω–∞—Ä

–ë–æ—Ç–∏:
@baslaybot - –±–æ—Ç –∞–≤—Ç–æ–ø—Ä–∏–π–æ–º—É –∑–∞—è–≤–æ–∫
@notepostbot - –±–æ—Ç –∞–≤—Ç–æ–ø—Ä–∏–π–æ–º—É –∑–∞—è–≤–æ–∫
@SendMasterBot - –±–æ—Ç —Ä–æ–∑—Å–∏–ª–∫–∏ 

Sendpulse ‚Äî —Å–µ—Ä–≤—ñ—Å e-mail —Ä–æ–∑—Å–∏–ª–∫–∏ https://sendpulse.ua/
 
–°–ú–°-—Ä–æ–∑—Å–∏–ª–∫–∞ https://sms-fly.ua/

–ê–≤—Ç–æ–æ–±–¥–∑–≤—ñ–Ω 
https://alphasms.ua/uk/
https://streamtele.com/
https://zvonok.com/

–ü—Ä–µ–∑–µ–Ω—Ç–∞—Ü—ñ—è –¥–æ —É—Ä–æ–∫—É: https://drive.google.com/file/d/1gjMeDmCaajQXVaK4tWjL_Qw6XUS86ItJ/view?usp=sharing
–¢–∞–±–ª–∏—Ü—è ""–®–∞–±–ª–æ–Ω –ø–æ–≤—ñ–¥–æ–º–ª–µ–Ω—å –¥–ª—è —Ç–µ–ª–µ–≥—Ä–∞–º –∫–∞–Ω–∞–ª—É –±–µ–∑–∫–æ—à—Ç–æ–≤–Ω–∏–∫–∞"": https://docs.google.com/spreadsheets/d/1kq717GqyoVaHuiMPJEtLte0z_0sS1VhP/edit?usp=sharing&ouid=100098198954978073195&rtpof=true&sd=true",
–£—Ä–æ–∫ 8. –§–æ—Ä–º—É–ª–∞ –ø—Ä–æ–¥—É–∫—Ç—É –ª–µ–≥–µ–Ω–¥–∏ —ñ –ø—Ä–æ–¥–∞–∂—É,https://youtu.be/OHcU4AI-twc?si=K34Z2_EtyXizOURE,,
–£—Ä–æ–∫ 9. –†–æ–±–æ—Ç–∞ –∑ –±–∞–∑–æ—é,https://youtu.be/XoXBeBBGx_8?si=JrNPM5Sb3seHjGQ1,–ü—Ä–∏–∫–ª–∞–¥–∏ —Ç–∞ —Å–∫—Ä–∏–ø—Ç–∏ –≤–∏—Ö—ñ–¥–Ω–∏—Ö –ø—Ä–æ–ø–æ–∑–∏—Ü—ñ–π: https://drive.google.com/file/d/1eL3JPDNtHGqF33zxfwjPV91r4-F1jTGM/view?usp=sharing,
–£—Ä–æ–∫ 10. –¢–µ—Ö–Ω—ñ—á–Ω–∞ –ø—ñ–¥–≥–æ—Ç–æ–≤–∫–∞ –¥–æ –≤–µ–±—ñ–Ω–∞—Ä—É,https://youtu.be/Vym36I1WnXg?si=C4Dm54m-BSQvpWQ-,,
–£—Ä–æ–∫ 11. –†–æ–±–æ—Ç–∞ –∑ –ø—Ä–æ–≥—Ä–∞–º–æ—é OBS,https://youtu.be/ihK2WohsF20?si=I6Z697BdDqvZNuj_,,
–£—Ä–æ–∫ 12. –Ø–∫ –≤—Ä—è—Ç—É–≤–∞—Ç–∏ –∑–∞–ø—É—Å–∫,https://youtu.be/RjrpHjRwBhQ?si=k5QmkE63kptrQwLj,–¢–∞–±–ª–∏—Ü—è –¥–ª—è –∞—É–¥–∏—Ç—É –∑–∞–ø—É—Å–∫—É: https://docs.google.com/spreadsheets/d/1oYT20w8dFPnX17owma2Oaj_zcjKRiAuQmURmYX2KPY8/edit?usp=sharing,
–£—Ä–æ–∫ 1. –ü–æ–∫—Ä–æ–∫–æ–≤–∏–π –ø–ª–∞–Ω –ø—Ä–æ–≤–µ–¥–µ–Ω–Ω—è –∫—É—Ä—Å—É,"https://youtu.be/-rmnE0C6gM8?si=3JnO3ZJl-uYKAFtK
https://youtu.be/GXYBmBJylLg?si=SITz3N7QTKvb0KU6","–ü—Ä–µ–∑–µ–Ω—Ç–∞—Ü—ñ—è –¥–æ —É—Ä–æ–∫—É: https://drive.google.com/file/d/145Q3bOViHjIz3H105EWBu1KWOhtlbt1e/view?usp=sharing
–ü—Ä–µ–∑–µ–Ω—Ç–∞—Ü—ñ—è –¥–æ —É—Ä–æ–∫—É: https://drive.google.com/file/d/1gQj7Zgemw75oK-oz4td6xlfBiXBmR-Af/view?usp=sharing",
–£—Ä–æ–∫ 2. –Ø–∫ –∑—Ä–æ–±–∏—Ç–∏ —Ö–æ—Ä–æ—à–µ –Ω–∞–≤—á–∞–Ω–Ω—è,https://youtu.be/8N0dNEQ1Du4?si=dgu932JXrEOWLPiB,–ü—Ä–µ–∑–µ–Ω—Ç–∞—Ü—ñ—è –¥–æ —É—Ä–æ–∫—É: https://drive.google.com/file/d/19HmrOIQFzhqiy6Rp-z_IAkbhizxZFaX7/view?usp=sharing,
"–£—Ä–æ–∫ 3. –Ø–∫ –∑–Ω—è—Ç–∏ —É—Ä–æ–∫, —è–∫–∏–π –¥–æ–¥–∏–≤–ª—è—Ç—å—Å—è –¥–æ –∫—ñ–Ω—Ü—è",https://youtu.be/KmAUz2pTf3E?si=WIIrFfhD0D4RKAxB,–ü—Ä–µ–∑–µ–Ω—Ç–∞—Ü—ñ—è –¥–æ —É—Ä–æ–∫—É: https://drive.google.com/file/d/1dUnWUMqscbRfAvmtPWm4q-e3gjZmbu56/view?usp=sharing,
–£—Ä–æ–∫ 4. –Ø–∫ —Ç–µ—Ö–Ω—ñ—á–Ω–æ –∑–∞–ø–∏—Å–∞—Ç–∏ –ø—Ä–æ–¥—É–∫—Ç,https://youtu.be/zop5Z71cbds?si=5kausewwtaK56uYr,–ü—Ä–µ–∑–µ–Ω—Ç–∞—Ü—ñ—è –¥–æ —É—Ä–æ–∫—É: https://drive.google.com/file/d/14fJ1CvOa-TLnER0-SGinkjrokkcZ_zZy/view?usp=sharing,
–£—Ä–æ–∫ 5. –î–æ–º–∞—à–Ω—ñ –∑–∞–≤–¥–∞–Ω–Ω—è —Ç–∞ –≥–µ–π–º—ñ—Ñ—ñ–∫–∞—Ü—ñ—è,https://youtu.be/rKMu0pnaMwo?si=7VW_3rUKSlArvKTz,"–ü—Ä–µ–∑–µ–Ω—Ç–∞—Ü—ñ—è –¥–æ —É—Ä–æ–∫—É: https://drive.google.com/file/d/1faWBpIUWoRg_ZXcZokl1sAgVIF8PydbM/view?usp=sharing

–¢–∏–ø–∏ –¥–æ–º–∞—à–Ω—ñ—Ö –∑–∞–≤–¥–∞–Ω—å: https://drive.google.com/file/d/1MxotbDQ94Rn8AvGre6SG4R2BYiB9Ad1y/view?usp=sharing

4 —Ç–∏–ø–∏ –∑–∞–¥–æ–≤–æ–ª–µ–Ω–Ω—è –≤—ñ–¥ –Ω–∞–≤—á–∞–Ω–Ω—è: https://drive.google.com/file/d/1GuUprZiWJKMZv_4jOL4DpUewaV5jg4Oc/view?usp=sharing",
–£—Ä–æ–∫ 6. –Ø–∫ —Å—Ç–≤–æ—Ä–∏—Ç–∏ –∫—É—Ä—Å –∑ –≤–∞—É-–µ—Ñ–µ–∫—Ç–æ–º,https://youtu.be/_rdrcP5cPtY?si=MRuhPkSda6YPfETB,"–ü—Ä–µ–∑–µ–Ω—Ç–∞—Ü—ñ—è –¥–æ —É—Ä–æ–∫—É: https://drive.google.com/file/d/1AefQmM50q_jYK8j-5sGeUT7KqgBfSmZp/view?usp=sharing

–§—ñ—à–∫–∏ –¥–ª—è –¥–æ—Ö–æ–¥–∏–º–æ—Å—Ç—ñ —É—á–Ω—ñ–≤ –¥–æ –∫—ñ–Ω—Ü—è –Ω–∞–≤—á–∞–Ω–Ω—è: https://drive.google.com/file/d/1oG_MWQMGsypd8-u69ro8PNLL-kmD47fh/view?usp=sharing",
–£—Ä–æ–∫ 7. –í–∏–º—ñ—Ä—é–≤–∞–Ω–Ω—è –µ—Ñ–µ–∫—Ç–∏–≤–Ω–æ—Å—Ç—ñ –æ—Å–≤—ñ—Ç–Ω—å–æ–≥–æ –ø—Ä–æ–¥—É–∫—Ç—É,https://youtu.be/frS9lYhbwq8?si=JC4Vm_x7FhMnuwYn,"–ü—Ä–µ–∑–µ–Ω—Ç–∞—Ü—ñ—è –¥–æ —É—Ä–æ–∫—É: https://drive.google.com/file/d/1qY-BgD_jZUNnkwgdHPe5UF0lr_XXh8S1/view?usp=sharing

–®–∞–±–ª–æ–Ω –∞–Ω–∫–µ—Ç–∏ –¥–ª—è –∑–±–æ—Ä—É NPS: https://drive.google.com/file/d/1oL_WAjCmX-y85QZCioaE2rnKXyqa6rMb/view?usp=sharing

–í–∏–º—ñ—Ä—é–≤–∞–Ω–Ω—è –µ—Ñ–µ–∫—Ç–∏–≤–Ω–æ—Å—Ç—ñ –Ω–∞–≤—á–∞–ª—å–Ω–æ–≥–æ –ø—Ä–æ–¥—É–∫—Ç—É: https://docs.google.com/spreadsheets/d/1BoS86374mULp5fA8YMmUxBvF9o7JhxMa/edit?usp=sharing&ouid=100098198954978073195&rtpof=true&sd=true",
–£—Ä–æ–∫ 8. –ü–ª–∞—Ç—Ñ–æ—Ä–º–∏ –¥–ª—è –ø—Ä–æ–≤–µ–¥–µ–Ω–Ω—è –Ω–∞–≤—á–∞–Ω–Ω—è,https://youtu.be/DLOgie04KzQ?si=i1zFrwHL8obx9Zb8,"–ü—Ä–µ–∑–µ–Ω—Ç–∞—Ü—ñ—è –¥–æ —É—Ä–æ–∫—É: https://drive.google.com/file/d/18S_BDmKLVfEfPv8eI4a5yeHS1qN9T_6d/view?usp=sharing

–£–∫—Ä–∞—ó–Ω—Å—å–∫—ñ –ø–ª–∞—Ç—Ñ–æ—Ä–º–∏ –¥–ª—è –ø—Ä–æ–≤–µ–¥–µ–Ω–Ω—è –Ω–∞–≤—á–∞–Ω–Ω—è
https://westudy.ua/
https://softbook.app/",
"–£—Ä–æ–∫ 9. –ö—É—Ä–∞—Ç–æ—Ä–∏, —è–∫ –∑–∞–ª—É—á–∏—Ç–∏ —Ç–∞ –æ–ø–ª–∞—á—É–≤–∞—Ç–∏",https://youtu.be/y2wbtTB98uw?si=WRi1uKcMMPIDgrz9,"–ü—Ä–µ–∑–µ–Ω—Ç–∞—Ü—ñ—è –¥–æ —É—Ä–æ–∫—É: https://drive.google.com/file/d/16jnI7HFvWzPI5ENbgonxQrJzvIvhStdw/view?usp=sharing

–†–µ–≥–ª–∞–º–µ–Ω—Ç —Ä–æ–±–æ—Ç–∏ –∫—É—Ä–∞—Ç–æ—Ä—ñ–≤: https://drive.google.com/file/d/1-JVCAgeCrMOKHwuKWB4eWGBAH4qxVj-e/view?usp=sharing",
–£—Ä–æ–∫ 10. –î–æ–≥–æ–≤–æ—Ä–∏,https://youtu.be/DInow-GeDEo?si=Ila42J94cRYP-BDu,–î–æ–≥–æ–≤—ñ—Ä –ø—É–±–ª—ñ—á–Ω–æ—ó –æ—Ñ–µ—Ä—Ç–∏: https://docs.google.com/document/d/1OIuxYrzzregtJsbs4NG4uAGx0BHnk6c0UKxAIMt010U/edit?usp=sharing,
–£—Ä–æ–∫ 11. –ó–±—ñ—Ä –≤—ñ–¥–≥—É–∫—ñ–≤ —ñ –∫–µ–π—Å—ñ–≤,https://youtu.be/5Q1MRG_NOCo?si=CVQL5daPL4VxyNa7,–ü—Ä–µ–∑–µ–Ω—Ç–∞—Ü—ñ—è –¥–æ —É—Ä–æ–∫—É: https://drive.google.com/file/d/1DDvp-QpPzoSXpWkd6niUH64JvLNB8PPS/view?usp=sharing,
–ú–æ–¥—É–ª—å 7. –ë–µ–∑–∫–æ—à—Ç–æ–≤–Ω–µ –ø—Ä–æ—Å—É–≤–∞–Ω–Ω—è. –ù–∞–±–∏—Ä–∞—î–º–æ 10 000 –ø—ñ–¥–ø–∏—Å–Ω–∏–∫—ñ–≤,,,
–ú–æ–¥—É–ª—å 8. –®—Ç—É—á–Ω–∏–π —ñ–Ω—Ç–µ–ª–µ–∫—Ç: –∞–≤—Ç–æ–º–∞—Ç–∏–∑–∞—Ü—ñ—è 90% —Ä–æ–±–æ—Ç–∏,,,
–ú–æ–¥—É–ª—å 9. –°–∏—Å—Ç–µ–º–∞ —â–æ–¥–µ–Ω–Ω–∏—Ö –ø—Ä–æ–¥–∞–∂—ñ–≤. –ü—Ä–∞–∫—Ç–∏–∫—É–º –∑—ñ —Å—Ç–≤–æ—Ä–µ–Ω–Ω—è –º—ñ–Ω—ñ-–ø—Ä–æ–¥—É–∫—Ç—ñ–≤ –∑–∞ $9‚Äì100 –Ω–∞ –∞–≤—Ç–æ–º–∞—Ç—ñ ,,,
–ú–æ–¥—É–ª—å 10. –ú–∞—Å—à—Ç–∞–±—É–≤–∞–Ω–Ω—è. –ü–æ–±—É–¥–æ–≤–∞ —Å–∏–ª—å–Ω–æ—ó –∫–æ–º–∞–Ω–¥–∏,,,